id,domain,status,purchase_price,renewal_price,attractiveness,demand,length,registrar,created_at,expires_at
0017181c-7ec2-46a3-81e1-f4fbe9489e8e,penalties.flights,available,59.99,,68,3,9,name.com,,
001b48fd-1998-435b-a28a-38c2361bbed0,cycles.flights,available,58.99,58.99,52,13,6,namesilo,,
002aa544-57d2-4de5-8022-39799fad8cb0,keepnote.flights,available,59.99,,48,2,9,name.com,,
00967b2e-8fec-4662-8aa2-e664277a5950,passed.flights,available,59.99,,62,6,6,name.com,,
00a6001a-dab3-4bf5-addd-c3e9460d37f5,gettingusedto.flights,available,59.99,,66,1,15,name.com,,
00de32fb-2a52-4029-9f12-c357f608266d,boilingpoint.flights,available,59.99,,60,3,13,name.com,,
0104f3d6-e55d-4c21-b09a-b13d9b2f8da2,pairofshears.flights,available,59.99,,59,1,14,name.com,,
0107f940-de8a-4c11-9275-b1984dc7c174,makethedifference.flights,available,59.99,,72,3,19,name.com,,
010fcdce-8a49-4e88-97f7-415b957a8d9f,getroundto.flights,available,59.99,,74,1,12,name.com,,
0160ea38-e4ca-4f97-ba74-7d5bde233f76,havingsex.flights,available,58.99,58.99,58,1,10,namesilo,,
0161ed26-8222-4842-af8e-f448abc9a0ee,letoffthehook.flights,available,59.99,,53,0,16,name.com,,
01a07d73-f919-4bf6-be2e-221183f06fe2,showedup.flights,available,58.99,58.99,59,1,9,namesilo,,
01abe12f-5096-4a0c-b958-9818c9217f75,letthebuyerbeware.flights,available,59.99,,67,0,20,name.com,,
01d300ed-aa6a-406c-89a6-049810ca095f,coulduse.flights,available,59.99,,56,1,9,name.com,,
01d4acf3-5496-4f73-a310-86ae259e07bc,holdingthecards.flights,available,59.99,,44,1,17,name.com,,
01eda8f2-b9c8-4585-9ab8-62a05135a3a1,howtheheck.flights,available,58.99,58.99,48,1,12,namesilo,,
020e5f86-2919-4458-945b-552df6176c51,counts.flights,available,59.99,,76,8,6,name.com,,
0214f532-ba75-4f5e-8857-c98ccce1726a,olives.flights,available,58.99,58.99,56,11,6,namesilo,,
0233284a-5e1c-4472-9c4c-21763dcac920,distinctivefeature.flights,available,59.99,,54,0,19,name.com,,
023f94fc-b974-4806-8975-e79a5b424b89,truer.flights,available,58.99,58.99,57,8,5,namesilo,,
02429ccc-14ba-424e-9edd-b4681cfda443,motorinsurance.flights,available,59.99,,60,4,15,name.com,,
0245eb7d-ab2f-465f-9e38-e2d11d278f18,successively.flights,available,59.99,,56,0,12,name.com,,
0247a8fd-00d9-477a-8ea7-2d74511d40f2,aboutfaced.flights,available,59.99,,48,1,11,name.com,,
025afa76-f9d2-4241-b820-6b12b6ec4850,gingerbreadcookie.flights,available,58.99,58.99,52,1,18,namesilo,,
025d6526-26f8-452b-9200-edd096196fe0,comerunning.flights,available,59.99,,74,1,12,name.com,,
026817ef-6cf1-4ad9-bc28-25e8ab7ef79e,swords.flights,available,59.99,,52,10,6,name.com,,
028cfde5-6312-4a8c-bcee-7ee8febac52f,matrix.flights,premium,,,70,46,6,,,
02a1b64f-8d87-4dc3-ad5a-6d7f94cf66eb,makeovers.flights,available,58.99,58.99,62,3,9,namesilo,,
02a878fe-4c8c-4911-b1ee-5b5bf02ea2f3,woes.flights,available,58.99,58.99,46,4,4,namesilo,,
02a8ed79-9308-4885-8cfd-2a3b0cae06ac,shortcuts.flights,available,59.99,,48,41,10,name.com,,
02a9d4c6-6f73-4275-87bb-b8b2df1cb9c8,getaways.flights,available,59.99,,50,9,8,name.com,,
02b7d868-ada6-4744-b402-96e61058bdee,relied.flights,available,58.99,58.99,50,3,6,namesilo,,
02bfae4d-5d3a-44b9-9bd9-f99599328a23,dothemath.flights,available,59.99,,72,4,11,name.com,,
02d46782-7f3d-464c-a307-e7d23551c324,draws.flights,available,59.99,,65,6,5,name.com,,
02d6597e-5a88-415d-9f22-a7e83ce0f30d,letthematterdrop.flights,available,59.99,,47,1,19,name.com,,
02d92141-9690-40b7-970e-c191503442e2,refunds.flights,available,59.99,,62,9,7,name.com,,
02e3ffd5-4b1b-42d7-81c1-6adefa004d41,Igirder.flights,available,75.98,,58,1,8,namecheap,,
02e9283d-d805-4207-8141-70d06fce1030,gods.flights,available,59.99,,72,27,4,name.com,,
0312d1b7-35c5-4f59-9cd8-65661f7393ac,comeround.flights,available,59.99,,76,1,10,name.com,,
03338f27-a4ee-4cfe-b578-064ee5e6c5be,brothers.flights,available,59.99,,60,22,8,name.com,,
0367a28d-d146-4b40-ad2a-de0cf93ff93c,trials.flights,available,59.99,,48,12,6,name.com,,
036a60ca-84ef-4bd9-9e8e-61bececb927a,Cats.flights,available,75.98,,59,33,4,namecheap,,
036be71d-b344-4763-b0f7-cfc7c7fff0f0,keepfrom.flights,available,59.99,,52,1,9,name.com,,
037b15be-350d-4a8b-bc5e-bcc4b3001408,runners.flights,available,59.99,,78,16,7,name.com,,
03839a1b-ff59-4d21-8f97-551f020b03fc,workers.flights,available,59.99,,60,20,7,name.com,,
03925d5c-a845-40c1-80ae-9c1ec5405025,goaroundthehouses.flights,available,59.99,,60,0,20,name.com,,
03b3b965-4d9b-4354-b57f-f03a36d1c7dc,believes.flights,available,58.99,58.99,64,4,8,namesilo,,
03c30378-4bd1-43d3-b9b3-461f3fe6e63d,makingwaves.flights,available,58.99,58.99,64,7,12,namesilo,,
03ea8ddd-eeeb-4c75-98e4-e9570be6979c,somuchso.flights,available,59.99,,50,1,10,name.com,,
03f2563c-6124-4def-923e-9a74a4f52489,mentalnote.flights,available,59.99,,54,3,11,name.com,,
04023038-d14f-4f76-8ed7-3af64c4e63af,predisposition.flights,available,59.99,,62,1,14,name.com,,
040c69cd-7b1c-4005-826a-761f598b9bd3,scenes.flights,available,59.99,,54,8,6,name.com,,
041b79b8-fa48-4a11-b3a2-17f9b63990d5,fellowed.flights,available,59.99,,52,1,8,name.com,,
0437f86a-73a5-462e-8961-c405f3bd1767,birches.flights,available,58.99,58.99,57,4,7,namesilo,,
0439ba01-62bf-4b89-a646-5c6b5d67fc0c,StGeorges.flights,available,75.98,,54,6,10,namecheap,,
043a7e83-6eb5-4590-bc3c-95360c705e94,plays.flights,available,59.99,,56,16,5,name.com,,
04429a76-baea-4fd5-b31f-fa0cacd16aa7,pills.flights,available,58.99,58.99,56,15,5,namesilo,,
04b60137-1fc6-457a-8716-252c55c9359f,clearup.flights,available,59.99,,76,6,8,name.com,,
04d09847-6919-4d52-a948-14f486045bc0,gofar.flights,available,59.99,,76,10,6,name.com,,
04f12c6f-390e-4790-aef5-b6f9136f8647,wins.flights,available,59.99,,68,21,4,name.com,,
04fa74da-bf0a-4c0f-affc-810f7a733d6a,kicks.flights,available,59.99,,77,15,5,name.com,,
0524bae4-6b70-4cbb-8057-1ab047df4e1d,gettheballrolling.flights,available,59.99,,72,1,20,name.com,,
0526da1d-a0b5-40bc-bb5f-45b6b6e0cdc5,goonvacation.flights,available,59.99,,48,1,14,name.com,,
053a206c-4ae6-4952-9b9b-e02ae8a92a13,tryon.flights,available,59.99,,77,13,6,name.com,,
053d0273-b8c8-4812-89d2-9be464464fee,workingorder.flights,available,59.99,,64,1,13,name.com,,
0574c79e-50fb-44ef-a5ea-5a5042cbd55a,breastfeeding.flights,available,59.99,,66,10,13,name.com,,
05790334-f8cf-4984-a49d-11f0bb8bd2ca,inmyview.flights,available,59.99,,48,2,10,name.com,,
05a527e5-461e-48b1-8685-1b63adfaaaad,sorethroat.flights,available,59.99,,64,2,11,name.com,,
05cc9d4c-9d5e-4902-8c9c-cab49a5c7280,sailed.flights,available,59.99,,76,4,6,name.com,,
05e9fb04-c3e0-474f-89aa-683f3928db08,makeitcount.flights,available,59.99,,72,8,13,name.com,,
0611e099-4f18-4f4c-a46d-ee5e4b2f69fe,disks.flights,available,59.99,,50,6,5,name.com,,
062510d6-36b5-4b47-a7f6-22a7eef1e899,facilitation.flights,available,59.99,,74,12,12,name.com,,
068aa6d6-b555-41b5-8d87-5fc19d9b6427,stayathome.flights,available,59.99,,68,7,12,name.com,,
06e586c0-7732-4171-be22-24ee7585ec5f,sentences.flights,available,59.99,,60,5,9,name.com,,
072dc755-4d40-4c0d-ba44-4d5c42ab1802,synthesized.flights,available,59.99,,57,3,11,name.com,,
0752308f-911c-4e55-8ff6-3cca969476bb,ladies.flights,available,59.99,,80,17,6,name.com,,
0772a0c3-f5bc-4cdf-8bdd-118d46c71722,theatres.flights,available,59.99,,62,5,8,name.com,,
0791d3e4-ff75-43ed-97c7-d53f77599e38,mothers.flights,available,59.99,,68,12,7,name.com,,
0792c6a5-676b-4b4a-87f5-3fde493be117,VanGoghs.flights,available,58.99,58.99,53,2,9,namesilo,,
07949614-ed33-45e6-92e9-dca352379e8e,ambulances.flights,available,58.99,58.99,58,5,10,namesilo,,
07a292d9-87d4-4bf4-8baa-7d2c5680209e,demoted.flights,available,58.99,58.99,46,1,7,namesilo,,
07a49691-d69f-4d00-8d99-a7ad548d4075,introduces.flights,available,59.99,,58,2,10,name.com,,
07a50032-9238-4400-ac89-ef93d423e5bc,thundered.flights,available,58.99,58.99,49,2,9,namesilo,,
07c4cb32-0b49-41b8-8c8c-b8698879c177,officedesk.flights,available,59.99,,55,5,11,name.com,,
07e0875f-d763-4bea-b978-83d84af79289,agreements.flights,available,59.99,,54,6,10,name.com,,
07e322a6-f52a-4013-b5b5-44baabcdcdd4,dogsledmail.flights,available,59.99,,94,0,12,name.com,,
07ebd858-2c22-45d3-87cc-ace5441dd86b,theories.flights,available,59.99,,58,6,8,name.com,,
07ef2884-6288-4646-b9b2-124505c251b3,onetrickpony.flights,available,59.99,,56,6,14,name.com,,
07fe0dc5-0a4b-4aa9-bd46-fe23d156ddf6,getround.flights,available,59.99,,74,0,9,name.com,,
0807a971-76e3-44a0-aac6-ecda29e35e73,getthehint.flights,available,59.99,,74,1,12,name.com,,
080c851b-9541-4cfa-816e-01a88ee3b91b,barbecuesauce.flights,available,59.99,,76,2,14,name.com,,
080de8b0-6de4-4391-9103-b14a79729360,macandcheese.flights,available,59.99,,72,4,14,name.com,,
081c16e6-f6c5-4e48-b2ce-677e60b825ab,costofgoodssold.flights,available,59.99,,62,1,18,name.com,,
081d3f79-745c-4531-86d8-a71f9553406f,letpass.flights,available,59.99,,56,1,8,name.com,,
083dc8d2-48d5-41e8-92d2-ac08b0cb819f,costprice.flights,available,59.99,,70,4,10,name.com,,
086bddd3-ee91-4aef-86c5-b8830d79f0cf,sellthrough.flights,available,59.99,,64,2,12,name.com,,
0889fd6a-4b90-4db4-a3c3-364820bba528,cucumbers.flights,available,58.99,58.99,74,4,9,namesilo,,
08b1d1ae-b9ea-40c4-a098-2508cca120c9,surroundings.flights,available,59.99,,75,4,12,name.com,,
08c2a87e-df70-4cf4-aa50-6d964f7951ff,speaks.flights,available,59.99,,51,9,6,name.com,,
08d908dc-00c9-4233-ae68-e4cac42e4067,headout.flights,available,59.99,,82,6,8,name.com,,
08de06d3-31c6-46c3-896c-90e12ea43910,storms.flights,available,59.99,,60,10,6,name.com,,
08e4692a-5aa8-4e85-9094-71996945327c,stretchout.flights,available,59.99,,70,2,11,name.com,,
08fa7e6e-510b-45b1-8768-063579d38ca2,softsell.flights,available,59.99,,72,3,9,name.com,,
0907f482-839e-47b0-b48d-a2025261aefd,oaks.flights,available,58.99,58.99,53,16,4,namesilo,,
091708ff-037f-4ebf-8d3f-cdedcac235e7,coffeesyrup.flights,available,59.99,,80,2,12,name.com,,
094732bf-7d7d-40c0-94fe-506d2a544739,makebelieve.flights,available,59.99,,76,9,12,name.com,,
0954969a-894f-4d8f-831f-456077dc5b15,keepunder.flights,available,59.99,,66,1,10,name.com,,
0959b4cb-0c0d-4f71-8cb1-f04868f8b6f0,pierogi.flights,available,59.99,,82,7,7,name.com,,
095a197c-25f0-4efe-a721-48af3932b899,parishes.flights,available,59.99,,51,3,8,name.com,,
097843b1-1b2f-40d0-be53-80a875c18653,letoff.flights,available,59.99,,77,1,7,name.com,,
097df672-0c72-4e1b-ad36-809a2904a20e,Keith.flights,available,75.98,,66,25,5,namecheap,,
0994fe4b-e36c-43ee-87bc-104b2f3bc0ff,topfive.flights,available,58.99,58.99,52,9,8,namesilo,,
09987fe3-7a98-4cb5-8fa7-8d605e642349,CountyofLanark.flights,available,58.99,58.99,42,1,16,namesilo,,
099c47f3-664c-49fe-af0a-6541d06d2231,coffeecakes.flights,available,58.99,58.99,62,2,11,namesilo,,
099c6323-8207-485e-8965-9037b822e77a,carrymeout.flights,available,59.99,,46,1,12,name.com,,
09cc9cb8-220c-445f-9d84-15c13306fbe2,suppresses.flights,available,59.99,,44,1,10,name.com,,
09de8d53-80af-456f-b6b6-8edf69d508e4,childsafetyseats.flights,available,58.99,58.99,42,1,18,namesilo,,
09e96531-7b0f-44a8-80db-02a8e2073456,keeptogether.flights,available,59.99,,68,1,13,name.com,,
09f8c0c7-bb87-4aed-ad11-88527b659db2,lists.flights,available,59.99,,60,14,5,name.com,,
09fb7a5b-a429-4804-95d6-4cfbed0ffaf1,inducts.flights,available,58.99,58.99,50,1,7,namesilo,,
0a19a19e-e868-49a2-bee1-8dc689b4f530,CountyofWyandot.flights,available,58.99,58.99,42,0,17,namesilo,,
0a1ebf0a-5c28-4a85-9630-b4b5984df936,howlout.flights,available,59.99,,70,1,8,name.com,,
0a258451-4e8b-457e-8805-3e9027b59a77,lostandfound.flights,available,59.99,,64,19,14,name.com,,
0a29e447-d409-4808-96ae-07d3974cfdcb,shares.flights,available,59.99,,58,18,6,name.com,,
0a40c35a-70fb-4ab8-b9de-ea9cc2eaddf6,niggers.flights,available,59.99,,37,13,7,name.com,,
0a6da6f6-3903-439b-a88c-e11ff7020f4e,catered.flights,available,59.99,,56,5,7,name.com,,
0a708e59-9519-4a13-b52c-94459a0c2b99,getthejobdone.flights,available,59.99,,74,2,16,name.com,,
0a7438cf-5e07-443f-8c06-a93ac50255d1,coffeeculture.flights,available,59.99,,72,4,14,name.com,,
0a88ef5f-6645-467b-9cf5-c247386a5306,brosbeforehos.flights,available,59.99,,38,1,15,name.com,,
0a8b8401-3272-4ff3-bf85-65a3e8a00685,backs.flights,available,59.99,,56,5,5,name.com,,
0aa73a6f-77d5-4e25-8fd7-5b120a4db199,gonuclear.flights,available,59.99,,68,3,10,name.com,,
0ad25acb-bcdd-4f21-b6a9-681bc0c2b39f,righted.flights,available,59.99,,55,2,7,name.com,,
0af9a7c6-3eab-459f-a41c-150c6b34b9fa,lentils.flights,available,58.99,58.99,56,4,7,namesilo,,
0b0794e7-9bc6-4daa-a787-d0d09364264a,makeknown.flights,available,59.99,,78,4,10,name.com,,
0b0f8739-ba87-424e-94c4-49782adf9853,punched.flights,available,58.99,58.99,50,3,7,namesilo,,
0b193d19-4603-4289-bb82-88bf7595aab6,barwood.flights,available,59.99,,52,3,8,name.com,,
0b1ee1a7-d844-4e87-8c83-4381bc01ade6,slipby.flights,available,59.99,,64,1,7,name.com,,
0b304f23-8049-4c7d-8885-bc2a55b69ad3,blazers.flights,available,58.99,58.99,54,8,7,namesilo,,
0b6ac807-f11a-4990-a92f-100281c4d70b,Cheddarcheese.flights,available,75.98,,66,2,14,namecheap,,
0b800919-c355-4e34-b341-7132bb2ccee4,makeuse.flights,available,59.99,,78,1,8,name.com,,
0b925eef-b03e-4a95-974b-2bd8bc1bead1,upandaround.flights,available,59.99,,60,1,13,name.com,,
0baafb14-f9e6-41ef-9b30-3303784deeb6,beans.flights,available,59.99,,74,20,5,name.com,,
0bc61a2c-d3b5-4a47-b085-fb56f66a5b32,registration.flights,available,59.99,,75,19,12,name.com,,
0bd9ba61-2af6-4f1a-85df-631a149f908d,nothanksto.flights,available,59.99,,58,0,12,name.com,,
0bee1a39-f4cc-46ff-9afd-9b5232bff344,differences.flights,available,59.99,,52,4,11,name.com,,
0bf0f6e0-7a9b-4223-a214-c9d0a77ffb73,strengths.flights,available,58.99,58.99,62,6,9,namesilo,,
0c1680f6-28ae-4bcf-869d-c56b45fc4e9c,Imustgo.flights,available,75.98,,58,1,9,namecheap,,
0c2bdd80-c7de-4b25-85e9-368b0ac555e7,consents.flights,available,59.99,,60,4,8,name.com,,
0c346521-a066-41c3-a186-7ecee8ad03a3,peas.flights,available,59.99,,51,10,4,name.com,,
0c3b12ac-f218-4c70-a2ba-70f2c8eda400,getrid.flights,available,58.99,58.99,56,3,7,namesilo,,
0c4080ae-deb8-41f6-904c-a48ffb94cf4a,movemountains.flights,available,59.99,,72,4,14,name.com,,
0c4db510-9a8d-445f-9073-69eff8fd807d,happiest.flights,available,59.99,,64,10,8,name.com,,
0c4e3fc4-6eab-47f0-87c4-cd8e8ff10d82,neckrest.flights,available,59.99,,56,1,9,name.com,,
0c562a79-4f50-4b2f-bae2-b7b908d922f0,nutrients.flights,available,58.99,58.99,58,9,9,namesilo,,
0c712c80-fa00-48cb-8acb-d4bd9ba85f2d,shouts.flights,available,59.99,,47,5,6,name.com,,
0c8c2a24-75ed-456b-9e80-d68949d6e7c7,throngs.flights,available,59.99,,53,2,7,name.com,,
0c92a50e-d69d-4267-b4e3-c602cce06674,offenses.flights,available,58.99,58.99,40,2,8,namesilo,,
0c93f34c-201a-4e92-813b-c448eed05fae,pinked.flights,available,59.99,,53,5,6,name.com,,
0c97c558-95ef-4c1c-bb30-45a2cbed7cfb,thrilly.flights,available,59.99,,71,2,7,name.com,,
0ca1af11-5bfc-43e2-a916-56373e60839d,stuffit.flights,available,59.99,,44,5,8,name.com,,
0ca1fda2-8ce1-4443-b3ef-398158a98ee2,goesthewholehog.flights,available,58.99,58.99,46,0,18,namesilo,,
0cabd161-d66d-4537-b7c9-704b9650b9d7,norms.flights,available,59.99,,45,7,5,name.com,,
0cb3c496-7510-4b33-8011-eee9b4a2be08,announces.flights,available,58.99,58.99,58,2,9,namesilo,,
0cb8d9d2-4ec6-4464-ab39-679bb3d6f6de,keyserver.flights,available,59.99,,70,4,10,name.com,,
0cde3814-fea3-4c56-acee-e5191507ffe9,CountyofSussex.flights,available,75.98,,44,2,16,namecheap,,
0d0521f5-f43f-4291-91a7-afb2f5ef50d5,Containers.flights,available,58.99,58.99,54,17,10,namesilo,,
0d0532cd-3b19-4608-b779-0bacb8901d0d,organisational.flights,available,59.99,,54,1,14,name.com,,
0d257d23-366b-4dc5-8cec-2286762b371b,couldnotcareless.flights,available,59.99,,38,0,19,name.com,,
0d288613-e4ab-48cc-be39-6e095a865ae1,changeplaces.flights,available,59.99,,62,0,13,name.com,,
0d3a7b4f-4361-4f02-8c8d-d005e02e3293,leavetochance.flights,available,59.99,,64,1,15,name.com,,
0d4c9466-fdaf-402f-be17-6263f1ae28a0,throats.flights,available,58.99,58.99,44,2,7,namesilo,,
0d5f790a-897e-4a2d-90d2-94400cef39d9,gotto.flights,available,58.99,58.99,54,6,6,namesilo,,
0d779c8f-99db-4520-9180-f6f84577ab54,posters.flights,available,59.99,,60,13,7,name.com,,
0d787299-3545-41b6-a9db-1fd300553cb9,rekt.flights,available,59.99,,40,24,4,name.com,,
0d8a33b2-8278-4e31-af31-2982a91fb9b9,comeondown.flights,available,59.99,,76,1,12,name.com,,
0d9da63a-db8f-4c26-92aa-781f78db56f4,IamHIVpositive.flights,available,75.98,,44,1,17,namecheap,,
0dcdd2e9-9f7a-4daf-9195-9018720c737d,comeonstrong.flights,available,59.99,,66,2,14,name.com,,
0dd7a2c2-33ed-4083-9ec0-b8f7a0a7e05b,GuptaEmpire.flights,available,75.98,,64,1,12,namecheap,,
0e352e72-9957-4071-afad-eadcdcb1e9d2,gotosleep.flights,available,59.99,,72,3,11,name.com,,
0e43543b-9cc2-4fce-a6e8-41fb42cf28b7,RoyalMail.flights,available,58.99,58.99,76,12,10,namesilo,,
0eafc667-812b-4747-92bf-04fd989ee7d2,checksandbalances.flights,available,58.99,58.99,66,3,19,namesilo,,
0ebd67bc-525e-4368-bb85-b63b1296228b,letonerip.flights,available,59.99,,75,1,11,name.com,,
0ed79d07-f355-409b-8c1f-05810b619059,plugs.flights,available,58.99,58.99,49,8,5,namesilo,,
0ee69177-f381-48d5-a7c9-bc53a690f32f,demonstrating.flights,available,59.99,,48,1,13,name.com,,
0efa922f-196a-4111-a0ac-c6c6228d8cb6,clearthrough.flights,available,59.99,,44,0,13,name.com,,
0f00049e-d52c-45c2-9cc5-bbce3ff51145,officemanager.flights,available,59.99,,49,5,14,name.com,,
0f0d08fd-5a32-47c0-8f73-b63d781966ec,slipitto.flights,available,59.99,,64,1,10,name.com,,
0f6ba482-a49e-40be-8eb0-8658b557fcc3,induecourse.flights,available,59.99,,57,0,13,name.com,,
0f9c32ec-f792-4004-931c-f23926918074,mosquitos.flights,available,59.99,,42,5,9,name.com,,
0fb86aa5-a921-4ba5-b6cf-32295488820c,says.flights,available,59.99,,58,10,4,name.com,,
0fe93f19-67a5-4cb6-897b-f2580869952a,colleagues.flights,available,58.99,58.99,56,5,10,namesilo,,
0feb9058-98ed-4fdd-a5b8-cf020f391235,swishing.flights,available,59.99,,74,3,8,name.com,,
0ff99480-bc77-4e24-85ae-94483b51823c,persisted.flights,available,59.99,,52,2,9,name.com,,
1009562f-99b5-4373-a4e7-3d884d1f69a1,commonpurposes.flights,available,58.99,58.99,48,2,15,namesilo,,
1023c90a-9f29-4c89-a1d6-10a6a7b7f7bb,fasttimes.flights,available,59.99,,80,3,10,name.com,,
103cefd0-0ce8-47e4-b2b7-e84516821e09,organizers.flights,available,58.99,58.99,56,6,10,namesilo,,
103d1bb7-b811-437b-992f-46f3f8aff3b5,demonstrated.flights,available,59.99,,68,3,12,name.com,,
1063f8a3-3ce3-4db6-8c0f-68e64c921721,OpiumWar.flights,available,75.98,,52,1,9,namecheap,,
10975dad-dd95-49cb-955c-a86164e6c97c,retrieved.flights,available,59.99,,57,3,9,name.com,,
10a2c8ca-86df-455b-a5d1-190af3c3c580,persistence.flights,available,59.99,,72,12,11,name.com,,
10a3365a-380f-4edc-bd54-9a1c7e3b4744,leaveon.flights,available,59.99,,80,1,8,name.com,,
10a994a5-f32f-4308-857c-5489db241723,jetaircraft.flights,available,59.99,,62,1,12,name.com,,
10c8115e-81d5-4e6c-b15c-8d7281d06190,mutualaid.flights,available,59.99,,78,9,10,name.com,,
10d3fa99-f762-4c08-8475-99ce23dc6d72,mobs.flights,available,59.99,,42,10,4,name.com,,
10d47e3b-379b-4add-99e8-aa6e741a5beb,recruited.flights,available,59.99,,58,5,9,name.com,,
10dde1fe-0537-4862-b8fa-98ce790881ce,indetail.flights,available,59.99,,49,4,9,name.com,,
10ea7741-e748-4f2f-8ec3-b5e3141f9b9a,provides.flights,available,59.99,,56,5,8,name.com,,
10f50ee1-fddc-4127-8051-74ec627c91ab,thereyougo.flights,available,59.99,,56,2,12,name.com,,
1141085e-0907-486b-b597-e0036b0e3017,carryover.flights,available,59.99,,70,2,10,name.com,,
114b7f94-cb4b-4077-b9c8-3ff9ba46b0ea,herds.flights,available,58.99,58.99,50,7,5,namesilo,,
1163337b-e1f8-463f-a738-bb32f464e147,refusing.flights,available,59.99,,40,3,8,name.com,,
11702928-9398-40e8-ae1c-ca29a693246b,scissored.flights,available,58.99,58.99,64,1,9,namesilo,,
11a4a3d9-c474-4c71-888f-177f5bbd3269,windowblind.flights,available,59.99,,48,1,12,name.com,,
11ab27c8-dc53-46f5-b5fa-aa6f1d7fa3e6,alcoholfree.flights,available,59.99,,70,6,12,name.com,,
11b2ec9a-3630-4dc2-8d3d-8fc1f5de2e6b,masterfile.flights,available,59.99,,50,3,11,name.com,,
11b52d61-e48a-4882-be0b-69aaf2270754,thedamn.flights,available,59.99,,38,1,8,name.com,,
11c5bcf9-ab4f-4a68-b240-0ba8ca2466cb,scars.flights,available,58.99,58.99,42,10,5,namesilo,,
11c7b9b5-1061-46e0-bdc7-559081e4778b,comicrelief.flights,available,59.99,,80,5,12,name.com,,
11cb8412-c5ff-42b7-acbe-6195cf248d3f,hovers.flights,available,58.99,58.99,56,3,6,namesilo,,
11df45a0-793c-43c7-afb3-b88c584f4147,seperately.flights,available,59.99,,48,1,10,name.com,,
11ed0c4f-21a2-4ed0-8599-abc6232adbcb,eyeshadow.flights,available,59.99,,74,3,10,name.com,,
11f83376-d630-4650-a4fc-0311d54697b2,ofinterest.flights,available,59.99,,50,3,11,name.com,,
11fed788-44a1-4125-a085-b833941ee40c,snowballs.flights,available,58.99,58.99,59,7,9,namesilo,,
120be23d-68c1-4150-93d9-49a2e0b16c1e,gopast.flights,available,59.99,,68,0,7,name.com,,
12377f4b-3620-4335-87a1-15f59e76cd99,shortages.flights,available,58.99,58.99,48,3,9,namesilo,,
1239d956-1704-4dc7-a021-c44921d43a30,makeit.flights,available,59.99,,82,22,7,name.com,,
127d4d9a-028e-4bf2-a206-574a59a4f236,monkeys.flights,available,59.99,,56,13,7,name.com,,
12d30e3e-1e80-4f54-8b4c-fb01b02b7484,takeajoke.flights,available,59.99,,76,1,11,name.com,,
12e81571-6499-46c2-8ddb-66fb7a267eb3,specialed.flights,available,59.99,,76,6,10,name.com,,
1314c946-1d20-43f7-8faa-af3aaaf0b749,voted.flights,available,59.99,,54,6,5,name.com,,
1317de17-4353-4948-ac25-8ba7b51097b6,gems.flights,available,58.99,58.99,70,28,4,namesilo,,
1322a14c-d362-493f-a0b5-a2796caf59d3,gotowards.flights,available,59.99,,68,1,10,name.com,,
132f1cef-9fd2-4cf6-904b-450e99de61d4,comeknocking.flights,available,59.99,,66,1,13,name.com,,
13349ac7-8f44-412e-8c24-2a76633fb1d8,gonowhere.flights,available,59.99,,62,2,10,name.com,,
133c9c33-5aa2-4faf-b1a8-03d0f7f19898,remembered.flights,available,59.99,,65,8,10,name.com,,
133dbbea-0bf9-4915-bcbe-30d57b8f473f,butterflies.flights,available,59.99,,90,8,11,name.com,,
13450a01-7ddc-4a5f-9d3c-7e01103d2c5c,citizens.flights,available,59.99,,60,19,8,name.com,,
135401ff-8b76-456b-ae3f-c2c5c998e4c0,havetheblues.flights,available,59.99,,58,1,14,name.com,,
13609c0e-09dd-4b01-a9b6-b2d7d1663a61,stackup.flights,available,59.99,,64,11,8,name.com,,
136101bd-77c9-44a1-a0b9-166b857d3b5c,vitamins.flights,available,58.99,58.99,60,17,8,namesilo,,
13674e41-2f2a-49c3-8269-a63b96fce403,goaround.flights,available,59.99,,74,4,9,name.com,,
13a90622-f417-4b42-93c6-cf030a1c4b11,getlaid.flights,available,59.99,,76,6,8,name.com,,
13c8af2e-5738-4775-b331-1145a9250819,keephouse.flights,available,59.99,,70,2,10,name.com,,
13ca4298-89fb-4908-925b-70c2f4f083e7,neighbours.flights,available,59.99,,53,7,10,name.com,,
13cdf50a-bbeb-4c83-9d7b-8d2665c7e320,pros.flights,available,58.99,58.99,53,23,4,namesilo,,
13d284a3-4ea1-4500-b4e8-de563c36bcd7,costcontainment.flights,available,59.99,,42,2,16,name.com,,
13f1e523-a75e-4026-a157-b34ea26e350f,progressing.flights,available,59.99,,56,3,11,name.com,,
13f2c164-ace4-4dc9-9c6d-46342e623660,rarer.flights,available,58.99,58.99,52,3,5,namesilo,,
13f4a890-0f05-45d7-8609-4cc1993a24c6,getmarried.flights,available,59.99,,88,5,11,name.com,,
13f55e66-90e2-4b41-95a3-4680b371b765,privatesector.flights,available,59.99,,64,2,14,name.com,,
140c405c-a136-418f-87e0-7e52168749e6,hostesses.flights,available,58.99,58.99,56,3,9,namesilo,,
141fbd53-3513-4436-987c-484c505feb9d,pushup.flights,available,59.99,,72,9,7,name.com,,
14271c63-d34c-4033-84df-0e69ad669123,brings.flights,available,59.99,,52,8,6,name.com,,
1429d4cb-899c-4ea1-a772-897dd910a2bd,backtaxes.flights,available,59.99,,62,3,10,name.com,,
14351df6-e1fb-4980-86f7-e61dbb928b07,LordofHosts.flights,available,75.98,,54,2,13,namecheap,,
1441c7a2-9b60-4a1f-9117-8ce20bbb4f4f,pizzaslice.flights,available,58.99,58.99,56,4,11,namesilo,,
145576bf-8c3b-4ff3-90ad-9ade1ce905d4,rioted.flights,available,59.99,,44,1,6,name.com,,
14841fbc-192b-46aa-a1c6-91b0fd2114e5,bands.flights,available,59.99,,52,13,5,name.com,,
148b5fe4-db67-43b9-80d6-4a11c6c40a71,calculators.flights,available,59.99,,54,16,11,name.com,,
1490cdce-de1a-4014-885d-48e82b578beb,shorted.flights,available,59.99,,61,4,7,name.com,,
149e0407-eece-4570-8908-0a1582170519,traps.flights,available,58.99,58.99,68,7,5,namesilo,,
14b27bd2-8f02-495d-9c9f-b178d4cde63f,requires.flights,available,59.99,,58,4,8,name.com,,
14b3b2e2-6af0-42b9-8029-6a21ef93ab75,ontop.flights,available,59.99,,66,14,6,name.com,,
14cb85da-1f57-40d5-9326-3b5c2013887b,datadomain.flights,available,59.99,,52,4,11,name.com,,
14cc309c-880f-48a9-aafc-307c10c4e2c5,praises.flights,available,58.99,58.99,56,3,7,namesilo,,
14ceedc3-7865-4e4f-9be1-67023918bb55,photos.flights,available,59.99,,54,28,6,name.com,,
14cf8537-4731-4e6c-8359-a25c887f2ce3,comeunder.flights,available,59.99,,70,1,10,name.com,,
14d69427-845c-4094-9ad4-49ef07b3dd4e,rashes.flights,available,58.99,58.99,40,3,6,namesilo,,
15199fc5-855a-4b62-bd98-c8ce16c0dd65,fittogether.flights,available,59.99,,80,4,12,name.com,,
1521f82d-7110-435e-bc8c-4cf28ce05957,manycore.flights,available,59.99,,68,3,8,name.com,,
1522434c-9e08-4b69-a871-7e9de0c2d2bc,exclamations.flights,available,59.99,,50,2,12,name.com,,
15270ce9-6dfb-45df-9b6c-e64435ee655a,types.flights,available,59.99,,54,14,5,name.com,,
155b5502-b4e3-4da0-89ed-9a87fe72e46e,predilection.flights,available,59.99,,70,2,12,name.com,,
158f2857-326d-4907-90ab-f7544b4a26b5,presents.flights,available,59.99,,80,9,8,name.com,,
15915ee0-9fae-4910-b79d-169168b69377,MiddleAmerica.flights,available,58.99,58.99,54,2,14,namesilo,,
159aa1ec-eb00-473e-9327-c01c5a383dae,wrists.flights,available,58.99,58.99,49,3,6,namesilo,,
15b0d134-eb79-4806-9d74-951105dfe774,sneezes.flights,available,58.99,58.99,50,2,7,namesilo,,
15d19150-5a8f-4840-ba7f-374f840b7425,grands.flights,available,58.99,58.99,66,8,6,namesilo,,
15f92aa6-980b-45ca-ac8e-f2102bdf1a81,Ichooseviolence.flights,available,75.98,,44,1,17,namecheap,,
15ff823f-4d79-448e-a7d4-5f24aea3c952,fasttank.flights,available,59.99,,50,0,9,name.com,,
16365e0e-ddba-43d5-b6da-9119dcd08573,Lordknows.flights,available,75.98,,66,2,10,namecheap,,
164158c5-c557-40c6-9543-79bc5d161a66,backwhen.flights,available,59.99,,54,3,9,name.com,,
165d690d-0939-4dc0-9957-8b81800f70cb,charts.flights,available,58.99,58.99,64,18,6,namesilo,,
165f9f19-70c2-47c2-8f53-f18dfd0eb014,inwithashout.flights,available,59.99,,60,1,15,name.com,,
166eb462-a2f1-411e-99c5-9ab2cf328a62,honeymooning.flights,available,58.99,58.99,82,2,12,namesilo,,
16892e2f-750b-477e-8b69-c08c0fa83fbe,surebet.flights,available,59.99,,82,8,8,name.com,,
16a5b15a-2d19-4266-a190-5df80bdd3999,estatetrustee.flights,available,59.99,,42,2,14,name.com,,
16c3b20f-7fce-468d-9f7b-e7fda192ad2f,William.flights,available,75.98,,74,31,7,namecheap,,
16d9309a-8655-40bb-9c04-7fc8c2c70c9f,crowns.flights,available,59.99,,62,11,6,name.com,,
173293b9-f7c2-4938-b4e9-da6beeaef39f,recycled.flights,available,59.99,,79,10,8,name.com,,
1737f056-1124-4108-8a59-bc9400d2e8df,economyclass.flights,available,59.99,,66,3,13,name.com,,
1766d936-f48e-4c8f-be4a-7381234946cd,makehistory.flights,available,59.99,,86,4,12,name.com,,
1781d79f-17ca-4331-9352-7e99f1d447b6,setforth.flights,available,59.99,,72,4,9,name.com,,
179ae90a-a4b5-4fdd-9bd4-5415fdb0ae83,gains.flights,available,59.99,,56,17,5,name.com,,
17a97141-fe70-4d05-b81c-829378357b2f,goit.flights,available,59.99,,76,7,5,name.com,,
17ac042e-80bf-41b5-8af3-95763ae2a019,slowed.flights,available,59.99,,48,3,6,name.com,,
17acd1a5-1f6e-4094-9549-60419e2f1ed8,requisitions.flights,available,59.99,,54,1,12,name.com,,
17befc15-f1c1-4099-9ed7-791fd3273817,thesame.flights,available,59.99,,54,5,8,name.com,,
17c2c8b5-86b8-4267-8a95-84f13e16f834,comeoutin.flights,available,59.99,,70,1,11,name.com,,
17d3967b-a682-454c-8268-6795fea594d9,getthroughto.flights,available,59.99,,49,1,14,name.com,,
17f696fa-9af3-447c-9ce6-8481e54f97e3,pomegranates.flights,available,58.99,58.99,60,4,12,namesilo,,
17f6f2ca-3d89-4f97-aaa2-07f6249928a7,tornadoes.flights,available,59.99,,50,2,9,name.com,,
180d79e8-7299-48c7-8c0e-9a77f06c8cc7,fishes.flights,available,59.99,,66,6,6,name.com,,
181b147a-6089-46c2-8421-cc5ceb50a6bb,wraps.flights,available,58.99,58.99,53,11,5,namesilo,,
18236835-bab0-4eb4-a71b-1d6bb3062499,excitingness.flights,available,59.99,,68,1,12,name.com,,
1823bc34-b80f-4ffa-bb89-d5b3c664df0b,neighbors.flights,available,59.99,,63,17,9,name.com,,
1827259d-273c-460e-9017-e81273d75fd3,overdressed.flights,available,59.99,,64,3,12,name.com,,
1837218e-360c-4436-810b-95a6bb54261c,gonefishing.flights,available,59.99,,72,7,12,name.com,,
183bfc8d-22b9-467f-a1b5-979f40419b0c,coffeepotful.flights,available,59.99,,72,1,13,name.com,,
184ea883-3780-4d1d-b509-07c8b3b56911,enterthelists.flights,available,59.99,,62,0,15,name.com,,
1870f4f9-e2ad-400c-93c7-e434d5383ed6,exchanging.flights,available,58.99,58.99,50,5,10,namesilo,,
188a5748-b066-445a-b04c-78962231e3af,breastfeed.flights,available,59.99,,76,3,11,name.com,,
188e4935-f910-44ca-ab79-31d1d2141072,toweloff.flights,available,59.99,,70,1,9,name.com,,
1898335b-1661-487b-9c59-7b8757d3c0a8,goingforward.flights,available,59.99,,48,4,13,name.com,,
18f0c2ff-f7e1-48dd-ad67-4a232f2f3fb5,pestcontrol.flights,available,59.99,,74,18,12,name.com,,
18f82ca8-ee16-468d-82f9-389bf9d34d2b,happier.flights,available,59.99,,62,16,7,name.com,,
1920aad7-4492-4d5d-b5c5-a919035eb878,pieces.flights,available,59.99,,62,12,6,name.com,,
19376485-1ba1-40e6-94de-3d72655512c5,lunchmaking.flights,available,59.99,,78,1,11,name.com,,
19411d2b-d8b9-4d3a-9260-517a09d895ac,tomorrows.flights,available,58.99,58.99,60,11,9,namesilo,,
194837ad-a097-445d-8bc3-59b52af08774,ladiesandgents.flights,available,59.99,,68,2,16,name.com,,
198e3a04-c922-4da8-b163-d69251021a2d,stages.flights,available,59.99,,57,12,6,name.com,,
19a7dab7-474e-458c-9b5e-e5368bcbb2f6,RiceBubbles.flights,available,75.98,,60,1,12,namecheap,,
19ac59b6-9f2b-4c02-bd0b-0b41a625589b,fees.flights,available,59.99,,63,11,4,name.com,,
19ba119c-cc1e-47f6-abae-412ea008dbce,aquestionof.flights,available,59.99,,52,1,13,name.com,,
19e173c6-a809-4981-8ccc-38a0b8965d2e,practices.flights,available,59.99,,52,6,9,name.com,,
19fdbea0-6302-4c20-bd46-7cc10de6f5b3,someoneelse.flights,available,59.99,,54,3,12,name.com,,
1a20e3e5-53c5-42f4-8fbd-d352f1b1ed93,weekends.flights,available,58.99,58.99,64,8,8,namesilo,,
1a274d93-f24c-4674-9d8a-8d56f6b72d95,billofrights.flights,available,59.99,,70,3,14,name.com,,
1a2d19a0-c6fa-4458-9471-3c416d576f35,inthewind.flights,available,59.99,,52,2,11,name.com,,
1a687834-f29d-47ba-a71d-45fbe6e4bd41,alcoves.flights,available,58.99,58.99,48,3,7,namesilo,,
1a7e0927-165b-489d-80d1-ebe0ddd014b6,toexcess.flights,available,59.99,,55,0,9,name.com,,
1aa89cf4-bda0-4f24-8910-edb97662068c,vacations.flights,premium,500,,56,19,9,name.com,,
1aaa4a50-90d8-4c80-9e09-a8630b84034e,distresscall.flights,available,59.99,,32,1,13,name.com,,
1afb93fe-6adf-4882-b239-525753e2bbb9,QandA.flights,available,75.98,,80,10,7,namecheap,,
1b100803-fbb8-4540-b083-7f510b686ce0,playlists.flights,available,58.99,58.99,60,10,9,namesilo,,
1b155a24-4117-4859-bbee-e2d5b4323f89,getunder.flights,available,59.99,,54,1,9,name.com,,
1b1f8ac2-e36d-4630-a9d7-c8a0fbad5f88,aunts.flights,available,59.99,,54,2,5,name.com,,
1b239d3a-4b1c-4259-ab37-8b61ebe0f1b5,adventures.flights,available,59.99,,64,18,10,name.com,,
1b3d2623-5a3a-4dcf-9e06-e54c41229ec4,divineinspiration.flights,available,59.99,,56,1,18,name.com,,
1b560f7c-7877-462b-9e0d-ff62f87d78be,madewaves.flights,available,58.99,58.99,54,1,10,namesilo,,
1b57f083-6813-4025-b144-be5036f2e109,PennStation.flights,available,75.98,,63,3,12,namecheap,,
1b6322ad-d2f9-4adb-a48b-b3462c5cfb4b,tempers.flights,available,59.99,,56,2,7,name.com,,
1b6fffdb-6ca6-4131-b6aa-85a54b46b5e9,outofmyway.flights,available,58.99,58.99,34,1,13,namesilo,,
1b82f2ba-3194-4684-9822-14d726614270,roastbeef.flights,available,59.99,,80,4,10,name.com,,
1b8adc98-8288-4cdc-9f12-288473d04ddf,polled.flights,available,59.99,,69,3,6,name.com,,
1b973fd0-8ec9-42d6-a461-c3c328ea520e,givingbirth.flights,available,59.99,,89,2,12,name.com,,
1b975533-1f2d-405d-b17a-8d4cce337a20,explained.flights,available,59.99,,50,10,9,name.com,,
1bca2027-301e-4e40-942f-a0554fcb1988,wives.flights,available,59.99,,62,6,5,name.com,,
1c072c98-297f-4edc-b84c-a964c68f6e13,propagates.flights,available,58.99,58.99,49,1,10,namesilo,,
1c1a5f74-69a2-491d-bfe1-ff2df47b7c80,views.flights,available,59.99,,62,18,5,name.com,,
1c22be83-bcd3-43a5-9024-ef5a19a53932,electricaltape.flights,available,59.99,,64,1,15,name.com,,
1c2724f5-4cc6-4057-98c0-925f95ebf17b,murmured.flights,available,59.99,,56,2,8,name.com,,
1c32ddc5-50c2-4b6a-aec4-077cb975851e,underwater.flights,available,59.99,,64,15,11,name.com,,
1c3f74d9-7a3d-4018-8cdb-9d3ee4c59fa6,stoppers.flights,available,58.99,58.99,52,3,8,namesilo,,
1c57ac01-da52-4600-b703-1e1652e8484e,hospitals.flights,available,58.99,58.99,64,10,9,namesilo,,
1c6fa5fa-3289-4b20-af52-d2a63c43c775,holidays.flights,resell,,,78,23,8,"Name.com, Inc.",07/03/2026 15:48,07/03/2027 15:48
1c6fd89c-7fae-4822-a435-b33d5924bd66,dropsoff.flights,available,58.99,58.99,52,1,9,namesilo,,
1cc3c19a-9253-4db8-9ede-9f649d4e1dea,tablespoonful.flights,available,59.99,,58,1,13,name.com,,
1ce7370e-b30d-4869-bad4-d5b9c7aba156,mountaindew.flights,available,59.99,,74,7,12,name.com,,
1cef2f2f-c0d2-4b38-83e8-74d33b6dc0dd,actors.flights,available,59.99,,60,14,6,name.com,,
1cf69db0-dfc6-4744-9f6c-d009ab27e929,gostraight.flights,available,59.99,,70,2,11,name.com,,
1cf982a3-5a12-47ab-b059-5ef44147928c,designers.flights,available,58.99,58.99,72,15,9,namesilo,,
1d1af167-b6de-4ae8-9ad5-8249a37c0409,makewaves.flights,available,59.99,,78,8,10,name.com,,
1d2bd02d-e4fd-4e0b-ba35-935c93362ea4,manystemmed.flights,available,59.99,,68,1,12,name.com,,
1d313b99-3acb-4857-822c-f3f13dd1f45d,Ilostmybag.flights,available,75.98,,50,1,13,namecheap,,
1d35fcf0-e2cf-4b74-8317-01c78d1436c7,lordofthemanor.flights,available,59.99,,68,1,17,name.com,,
1d55c7b4-a8f4-4512-89dc-251cacba9a3e,fastacting.flights,available,59.99,,72,1,11,name.com,,
1d747631-f57b-4eb9-8a5b-24726f154e58,accountstated.flights,available,59.99,,40,2,14,name.com,,
1da2cdd7-4aa8-48ba-9927-1ea1040c3ddd,specialness.flights,available,59.99,,70,1,11,name.com,,
1da5c09f-0633-4880-bc96-6f66c347f058,divorcing.flights,available,59.99,,46,6,9,name.com,,
1e45151c-b421-4e78-b1aa-f3dd86627e5e,stumps.flights,available,59.99,,65,4,6,name.com,,
1e57d68a-5c6a-4487-88c2-47af6ac6e7c6,demotes.flights,available,58.99,58.99,46,1,7,namesilo,,
1e5c93d0-1d36-4053-9e69-0d720393893e,fellowships.flights,available,58.99,58.99,52,4,11,namesilo,,
1e61bb9b-9a4d-450c-9049-00783e815c16,dont.flights,available,59.99,,42,18,4,name.com,,
1e81ce6a-6c2c-4c3e-b1d1-3f3f63a0b348,guns.flights,available,59.99,,68,22,4,name.com,,
1e90893d-cbc8-4942-9dda-5f54de35ab14,cements.flights,available,58.99,58.99,56,3,7,namesilo,,
1e980636-f0e8-474e-9011-c6e434820d6e,leavetown.flights,available,59.99,,58,1,10,name.com,,
1e98afb4-bdd8-4c2a-a1c3-b9f479e5de12,Curves.flights,available,75.98,,51,11,6,namecheap,,
1ea64213-f545-4c2d-be6f-acc2bcb2a69b,holds.flights,available,59.99,,56,7,5,name.com,,
1eb2e5d3-0a4a-449c-b1f5-1fa049a23fae,haveityourway.flights,available,59.99,,56,6,16,name.com,,
1ed8c032-506b-4b23-9276-041bc1fb0d73,makeupfriend.flights,available,58.99,58.99,60,1,14,namesilo,,
1ee673ed-135e-4303-9269-a3a96184f4d3,rollout.flights,available,59.99,,72,13,8,name.com,,
1f1d9800-3852-4323-8905-ee075b590167,victims.flights,available,59.99,,42,5,7,name.com,,
1f3add41-9c78-4736-836d-fc5be2becb8a,costbenefit.flights,available,59.99,,52,3,12,name.com,,
1f7370d2-df4f-477a-925a-e5a0dc43ccf8,somuchfor.flights,available,59.99,,46,0,11,name.com,,
1f74aee3-ad3a-400d-b645-b0d753c2248d,necessities.flights,available,59.99,,58,4,11,name.com,,
1f897bca-9287-4ccb-a3ee-e124c6e3093b,gettothebottomof.flights,available,59.99,,66,1,20,name.com,,
1f91ab33-49ff-456c-9536-485bddf7413a,takeabreak.flights,available,59.99,,86,8,12,name.com,,
1fb09fad-bc1c-4e02-aa09-ed3c5f55993f,techsupport.flights,available,59.99,,76,18,12,name.com,,
1fbe7e21-b818-4efa-a50e-8ea293b830cb,goingout.flights,available,58.99,58.99,54,5,9,namesilo,,
1fc4ea52-6669-413c-9cf2-b90f5799b1dd,meals.flights,available,59.99,,68,15,5,name.com,,
1fd1a061-b078-474a-9e9f-2b76e7146845,givelife.flights,available,59.99,,58,5,9,name.com,,
1fe80c50-6b07-48c0-b5c8-4f367e35d6df,teams.flights,available,59.99,,62,32,5,name.com,,
1ffdad39-a7a9-4b09-b7b6-692618dfef4a,keepwatch.flights,available,59.99,,70,5,10,name.com,,
2052c08f-9c56-4cd5-92a4-12ca700c7074,intheeventthat.flights,available,59.99,,48,1,17,name.com,,
2056794b-120a-4b7e-8379-4c51fe447a3e,tubes.flights,available,58.99,58.99,48,12,5,namesilo,,
20734966-73a9-4e78-8e22-797959c8e2e7,collapsed.flights,available,59.99,,38,3,9,name.com,,
2086a33c-8e61-49ca-801e-2c7aede58a8e,proceeded.flights,available,59.99,,60,2,9,name.com,,
20a02e86-c688-4c19-b3dc-3c577f973157,breakfastcereal.flights,available,59.99,,72,2,16,name.com,,
20a466f1-2671-4cd7-8058-0d3b6c78e7d0,owning.flights,available,58.99,58.99,52,7,6,namesilo,,
20aa19ae-a700-4b41-8896-7ce2d5a155d6,receives.flights,available,59.99,,52,3,8,name.com,,
20ad4de8-b6a1-4587-817e-b8896ef59601,advisors.flights,available,59.99,,52,16,8,name.com,,
20c0e6f6-6099-4fa7-85d7-d70e5fb14e82,lunched.flights,available,58.99,58.99,60,2,7,namesilo,,
20c687a6-b20f-4351-9d8e-69441be7f845,executiveprivilege.flights,available,59.99,,62,1,19,name.com,,
20c9a779-0d37-4b98-b521-3d8caee6772f,disorders.flights,available,58.99,58.99,46,5,9,namesilo,,
20cb65bc-1bdc-44f4-9ddd-a47d5ff9b902,etc.flights,available,59.99,,58,34,3,name.com,,
20eab0a0-68a4-4c66-8701-de33c73df080,incheck.flights,available,59.99,,46,5,8,name.com,,
20f1c03a-a153-45e7-968a-c4ad10b4b42f,comeinhandy.flights,available,59.99,,76,1,13,name.com,,
20f46ba0-90da-41ef-a61f-4fb6047a31e6,comeintobeing.flights,available,59.99,,68,1,15,name.com,,
20f8a600-29ab-4c8c-8b57-d533f9ed946b,counterfeits.flights,available,58.99,58.99,40,2,12,namesilo,,
210fa209-f5f5-46d5-b7e7-304c1609bbfd,tbsp.flights,available,59.99,,63,5,4,name.com,,
211c40dd-dc2e-4a08-be30-a9fac2f8168e,filingfees.flights,available,58.99,58.99,46,1,11,namesilo,,
21293daf-7465-41bc-b6ce-d64571af1307,LunarNewYear.flights,available,75.98,,72,3,14,namecheap,,
213b8b52-a793-4003-af9d-468498d1f588,flashdrives.flights,available,58.99,58.99,62,2,12,namesilo,,
21601b6f-fcfc-49e4-bf06-b92d685a604c,hangwith.flights,available,59.99,,70,2,9,name.com,,
216f45fa-4af8-4c8d-b7c0-5de91cbe7018,retailed.flights,available,59.99,,59,3,8,name.com,,
218ee598-b0f9-4124-8fa7-180895e49ebe,slots.flights,available,58.99,58.99,49,31,5,namesilo,,
2195b93e-5fda-43c1-9b24-f1fffcbda407,highpolitics.flights,available,59.99,,62,0,13,name.com,,
219abea3-b7a5-43e4-8a41-d33346a05bb3,herbs.flights,available,59.99,,62,22,5,name.com,,
21a4455c-028b-4d0e-ae52-b24a0ec45a56,flashmemory.flights,available,59.99,,76,2,12,name.com,,
21a96027-3781-4708-92cd-1bf12f663196,resulted.flights,available,58.99,58.99,46,2,8,namesilo,,
21b74f66-70f2-41e1-9f74-8ae9119123ad,gooverboard.flights,available,59.99,,64,1,12,name.com,,
21c22115-74ac-4d98-b9bc-7ae6294c5f27,leavemealone.flights,available,59.99,,42,7,14,name.com,,
21e5a108-2dae-4c93-a791-e7e1b5f996e1,liberties.flights,available,59.99,,56,6,9,name.com,,
21e747cf-9a16-462a-be82-1bd28bc34630,executivecontrol.flights,available,59.99,,64,1,17,name.com,,
21f5be17-a255-483f-a9d1-6eed8637075e,slightest.flights,available,59.99,,56,1,9,name.com,,
21fb2218-bba3-4ba4-8023-9f6d653f748f,dropsomeonealine.flights,available,59.99,,70,0,19,name.com,,
2203eea4-3a45-417e-8bd0-9831b0852e11,clearstuff.flights,available,59.99,,70,1,11,name.com,,
2207bf6f-6c94-4b5e-9228-8b956c74506d,restassured.flights,available,59.99,,82,6,12,name.com,,
2213565e-34ab-446e-b4ab-ba062ed1da3e,getlife.flights,available,59.99,,80,5,8,name.com,,
221dcc1e-6003-4264-85c3-7ed7394f4218,stabilization.flights,available,59.99,,66,3,13,name.com,,
224d4c4d-9259-490e-9f82-83e3b508b485,wrinkles.flights,available,59.99,,55,4,8,name.com,,
225a753c-d878-439d-9c0f-4fcd36ec94b0,appraised.flights,available,58.99,58.99,50,4,9,namesilo,,
2263be69-fc80-43b2-a56a-8b4300970aeb,songbirds.flights,available,58.99,58.99,64,6,9,namesilo,,
226bb7da-af64-4b2e-8c92-6a0e75981762,cousins.flights,available,58.99,58.99,68,11,7,namesilo,,
2280f2d7-6d30-4b06-9f6e-ef85be082e61,whynot.flights,available,59.99,,74,39,7,name.com,,
2296a3d1-3056-4f8d-842e-063be85c94a7,demonstrates.flights,available,58.99,58.99,56,2,12,namesilo,,
229a69da-2449-403a-a32c-93dbba219eb5,hookupwith.flights,available,59.99,,56,1,12,name.com,,
229fc65b-e46a-4a09-adf8-da577e85512d,comeoutwith.flights,available,59.99,,68,1,13,name.com,,
22cc2770-a346-4c8c-80e6-a01fbd41bfbc,planners.flights,available,58.99,58.99,50,9,8,namesilo,,
22d79234-f88d-4ff5-b448-aa75318ced12,tasked.flights,available,59.99,,53,6,6,name.com,,
23004ca4-660e-402a-9b3c-9091cceb9b81,webcontent.flights,available,59.99,,78,5,11,name.com,,
23151f3c-88c4-4119-9c89-315cec50db4f,peed.flights,available,59.99,,54,4,4,name.com,,
231bf55a-faea-4eb9-883d-85d595d4c7dd,highprofile.flights,available,59.99,,70,4,12,name.com,,
236142ae-4f08-48a5-a7a7-689455b70682,privatestock.flights,available,59.99,,64,5,13,name.com,,
236d7ac2-add0-4cc7-ab76-0bf85e1c67b4,feeltheburn.flights,available,59.99,,76,2,13,name.com,,
23866c0c-ba37-4c43-a1ea-203135cebd1f,havenoidea.flights,available,59.99,,74,1,12,name.com,,
23961e79-ab45-46c5-bb1f-13bafddb2065,turns.flights,available,59.99,,62,7,5,name.com,,
23a9e0ac-7d8c-42b3-8df0-624bb93be1da,overcomes.flights,available,58.99,58.99,62,2,9,namesilo,,
23be1a69-e4e7-43bc-9d56-b63c51a98834,offices.flights,available,59.99,,60,16,7,name.com,,
23ce9a69-d0aa-43ff-9f1c-d329d9ebc1cc,highschools.flights,available,58.99,58.99,65,4,12,namesilo,,
23f0eeee-1828-49fb-8abf-e0bf50b574eb,sidewindow.flights,available,59.99,,44,1,11,name.com,,
240a4520-8cc8-4004-9ef1-51d5d69cacf0,notsomuch.flights,available,59.99,,46,1,11,name.com,,
24116819-5093-4fea-80e4-fe89f75d71c9,chem.flights,available,59.99,,74,24,4,name.com,,
24566496-32a9-4c74-9693-6afbe42a39e7,concertgoers.flights,available,58.99,58.99,59,1,12,namesilo,,
2459eaae-4007-42aa-b798-5e71008ceaf2,stepinto.flights,available,59.99,,52,5,9,name.com,,
246bd20d-9ec2-4ba1-9598-24321a6172a4,getoffon.flights,available,59.99,,76,0,10,name.com,,
24d69b03-aa68-4688-8dec-508be7f241e3,devoting.flights,available,59.99,,56,2,8,name.com,,
250148d0-6d75-4da1-bd6c-aa95849ded39,abovethescroll.flights,available,58.99,58.99,40,1,16,namesilo,,
2543c28c-5758-4730-854f-49b86a946f95,verbalization.flights,available,59.99,,58,1,13,name.com,,
25479234-f32a-4936-a34a-9e07f636bc8a,turds.flights,available,59.99,,38,3,5,name.com,,
256a1497-d4bd-4bb0-b5c1-7b24c089164a,pals.flights,available,58.99,58.99,77,16,4,namesilo,,
259f228b-5224-4b62-91ba-fecc178e96e8,tartarsauce.flights,available,59.99,,76,2,12,name.com,,
25a9405a-3071-41dc-b6a5-e80a2f58d2de,uploadability.flights,available,59.99,,60,1,13,name.com,,
25c22290-2d93-465b-a2c9-54edfc9a6c76,reprimanded.flights,available,58.99,58.99,42,1,11,namesilo,,
25cf20ad-241a-4ce5-a576-24af2e91d3d7,chiefmagistrate.flights,available,59.99,,42,1,16,name.com,,
25e4136a-530a-47bd-aad9-06dddd7094de,reassures.flights,available,58.99,58.99,56,1,9,namesilo,,
261bd263-1d45-43b8-83e1-d8277b5e107c,SpiritofGod.flights,available,75.98,,63,2,13,namecheap,,
269fd238-5067-4d72-ad7b-11b7479dafa7,HarryPotter.flights,available,75.98,,72,20,12,namecheap,,
26d1c7ca-96b7-4e87-8c3e-da0da513dac0,creditors.flights,available,59.99,,50,5,9,name.com,,
26e59498-323c-4372-9915-c28e41746618,RosettaStone.flights,available,75.98,,58,12,13,namecheap,,
26f99fbb-22d4-4aa8-9177-b269afb8e383,datafeed.flights,available,59.99,,70,7,9,name.com,,
271c4c0f-b393-4399-8aad-3ae21f7c9f74,Ihaveafever.flights,available,75.98,,50,1,14,namecheap,,
27521414-434c-40ee-a1d9-cdb8592c991a,corrections.flights,available,59.99,,68,6,11,name.com,,
2779374a-26ba-48b1-abd0-48402b8f5451,tabs.flights,available,58.99,58.99,46,19,4,namesilo,,
279d70ec-7af1-44df-8d23-c46bb96322a6,decides.flights,available,58.99,58.99,56,3,7,namesilo,,
27ce079d-e500-44ef-a2dc-e9fcfa0a2f99,started.flights,available,59.99,,60,11,7,name.com,,
27d6057f-c52c-4c51-856d-30212f18e262,affirmation.flights,available,59.99,,82,10,11,name.com,,
27e9a86f-df0e-45c7-aab4-aee902f7f808,packs.flights,available,59.99,,54,15,5,name.com,,
282c57b0-7d48-4e1f-ae0b-2f300aee6f62,rarest.flights,available,58.99,58.99,56,5,6,namesilo,,
28314568-b3fa-44b9-b5f7-56b46571332c,lies.flights,available,59.99,,60,12,4,name.com,,
289837b6-cb28-4a60-b8be-f15960c8b49c,superheroes.flights,available,58.99,58.99,66,12,11,namesilo,,
289a873c-02c0-4cc4-b66b-deb84b2a15e5,indanger.flights,available,59.99,,60,1,9,name.com,,
28a9b69f-89cb-44d9-8d28-9e6b7a129ca9,openings.flights,available,59.99,,62,9,8,name.com,,
28c5e457-9367-43dd-a6e8-c9e327dadb0d,comeoutontop.flights,available,59.99,,68,0,15,name.com,,
28c81956-c76c-4ec8-b0d0-96b3c4d0b6a1,platepaper.flights,available,59.99,,66,0,11,name.com,,
28db147c-2567-4493-ac44-d83ed0fa5716,outcomes.flights,available,58.99,58.99,62,12,8,namesilo,,
28de2b8a-58c1-4272-9743-ed0332edace1,publicopinion.flights,available,59.99,,70,7,14,name.com,,
28e71bbc-d55d-49ba-b8b5-da6827829497,IsleofPurbeck.flights,available,75.98,,52,2,15,namecheap,,
29036d12-e182-4f7a-8aae-dc4d91de4635,zoomed.flights,available,59.99,,60,5,6,name.com,,
290717c2-5550-4e32-93e6-1ab406106880,showingup.flights,available,58.99,58.99,59,4,10,namesilo,,
2908047a-cbd3-436d-948d-f45e41df8976,stepup.flights,available,59.99,,78,19,7,name.com,,
291bbd03-bd46-422e-8534-de691949b51b,contacts.flights,available,58.99,58.99,54,20,8,namesilo,,
2966dc51-7d50-41ee-94e2-380049ce3ed5,compilation.flights,available,59.99,,68,7,11,name.com,,
29757649-fb6f-4648-b6c1-8bbee7b458c9,divinejudgment.flights,available,59.99,,47,1,15,name.com,,
29b03880-2c73-4e1f-8471-90a1dcf8215d,spectra.flights,available,59.99,,62,34,7,name.com,,
29b45a84-009f-4c4d-9e7c-dd0930fd8357,letsgo.flights,available,59.99,,57,31,7,name.com,,
29cbe06e-931c-47d0-8c27-3c9af2cd434c,macaronicheese.flights,available,59.99,,72,1,15,name.com,,
29d6e865-54c5-425b-ac6b-66af45d472e5,hangonto.flights,available,59.99,,70,1,9,name.com,,
29dcb5f2-ef72-4561-940b-f046d192b185,flaxseed.flights,available,59.99,,80,4,9,name.com,,
29f6f328-ab64-4102-bfc3-376f9a1d7fdb,undergoes.flights,available,59.99,,55,1,9,name.com,,
2a150992-6a28-49ed-ae37-2c77426a45a7,shrugs.flights,available,58.99,58.99,50,2,6,namesilo,,
2a176d88-8b25-4ecd-bc85-5c8bb09bf68c,specks.flights,available,58.99,58.99,44,5,6,namesilo,,
2a3fa2a6-f458-4509-8efe-49317ed2c43c,pens.flights,available,58.99,58.99,48,12,4,namesilo,,
2a5eccdb-bd8c-4066-bd6d-de5fbdce105c,saws.flights,available,58.99,58.99,50,8,4,namesilo,,
2a725c1c-9ae8-4d84-992b-2327f79c6880,offcampus.flights,available,59.99,,67,7,10,name.com,,
2a7c11f7-e31a-46e9-95e1-58d5035122ae,IsleofWight.flights,available,75.98,,54,9,13,namecheap,,
2a80f144-7080-47a2-bdb0-a7663bd7350c,gascooker.flights,available,59.99,,52,1,10,name.com,,
2a960ac6-cc41-4ad2-ae99-9176d7b2b3c9,getoveroneself.flights,available,59.99,,62,1,16,name.com,,
2ab8cb9d-25d0-4669-89aa-dbc0f0f3fbfb,deciders.flights,available,58.99,58.99,56,3,8,namesilo,,
2ac09eb7-04b8-4571-bac5-2b22147c33ef,pans.flights,available,59.99,,52,8,4,name.com,,
2ac68de2-70a4-409e-b0b6-b1498b99c91d,clearoff.flights,available,59.99,,72,1,9,name.com,,
2ae5cbd2-ee9d-4144-bb6a-6a7289de63f1,manybodyproblem.flights,available,59.99,,64,1,17,name.com,,
2af0444e-249a-4094-80e1-a394839ad682,gowalking.flights,available,59.99,,50,2,10,name.com,,
2af23b53-de82-4f4d-bc08-95132d5517af,letsomeonego.flights,available,59.99,,69,1,14,name.com,,
2b1102c8-b63c-44a1-baad-14c937ae0dad,finds.flights,available,59.99,,62,16,5,name.com,,
2b314531-f3cf-4d69-a120-63236497379f,keepsomebodyposted.flights,available,59.99,,46,0,20,name.com,,
2b48d0ed-6029-4fd9-88ba-ffd47ebfcdf3,photographed.flights,available,58.99,58.99,54,3,12,namesilo,,
2b732b49-f759-40a5-9c7a-e4e98484d0aa,busfare.flights,available,59.99,,70,1,8,name.com,,
2b74dd9e-b21d-4127-99be-96ff520dd622,genes.flights,available,59.99,,54,10,5,name.com,,
2b814c8d-dfd5-4980-8158-35d1461731e9,letitbe.flights,available,59.99,,89,7,9,name.com,,
2b8fb899-82d9-4498-ae23-70b8bf765ed9,quartertone.flights,available,59.99,,70,3,12,name.com,,
2bab4975-fca6-4fb8-a4fc-48951d6d5e9c,havenoneofit.flights,available,59.99,,56,1,15,name.com,,
2baca940-6c8f-4233-9609-1e9648e7512b,stonewalls.flights,available,59.99,,51,2,10,name.com,,
2bb1a8f2-0e8f-432b-b731-ffb7fcfe8999,gototherestroom.flights,available,59.99,,56,1,18,name.com,,
2bb232c8-d377-47ea-8083-c6d6b5fd269a,soothes.flights,available,58.99,58.99,61,2,7,namesilo,,
2bb4247b-f834-4ee8-b80a-9c09219854e6,supervillains.flights,available,58.99,58.99,46,2,13,namesilo,,
2bbac2f4-39bc-4779-98d7-8efeb0a72bf9,doctors.flights,available,59.99,,56,26,7,name.com,,
2bfcc023-7067-4fa3-9ae7-a9e92bfb05da,withintent.flights,available,59.99,,54,6,11,name.com,,
2c11caf6-b0eb-4047-b76c-f5e20de98d36,iftruthbetold.flights,available,59.99,,54,1,16,name.com,,
2c1912cc-c77a-48fd-8b41-9902c308d1fb,counterattack.flights,available,59.99,,64,3,14,name.com,,
2c918e07-8eb1-427e-8471-5424838ce358,isles.flights,available,58.99,58.99,52,7,5,namesilo,,
2c9eb386-c57f-41e3-b30a-c4780988ba15,ties.flights,available,59.99,,59,9,4,name.com,,
2cb94109-1b1c-48f4-92f5-6a13cf5f9ae8,runto.flights,available,59.99,,67,8,6,name.com,,
2cbf5c29-90e5-4d16-9024-949050dfa859,gowiththewind.flights,available,59.99,,74,1,16,name.com,,
2cc2f145-4a61-492b-b997-0a82ac59076e,letlie.flights,available,59.99,,72,1,7,name.com,,
2cd16a98-c4fc-4c96-9966-96dbba21c5fa,backtoback.flights,available,59.99,,72,5,12,name.com,,
2cd1bdc1-cf7e-4704-b489-acc1e25ffbc0,denominations.flights,available,58.99,58.99,42,2,13,namesilo,,
2ce7a0f2-3e09-4166-b84b-e6fc137156b8,proteins.flights,available,59.99,,52,8,8,name.com,,
2cefca43-cbe3-4437-9ecd-430a7c287061,recaptured.flights,available,59.99,,48,2,10,name.com,,
2d288317-b3a8-40f5-8d7e-798146080fa6,golong.flights,available,59.99,,74,6,7,name.com,,
2d2c02fe-ffc2-4260-abbc-c9f7e5b46fd9,ushered.flights,available,59.99,,54,1,7,name.com,,
2d47c3f2-c3e4-4f3e-97e7-9eb87faa688b,Ihaveatoothache.flights,available,75.98,,50,1,18,namecheap,,
2d48f84b-047a-4c11-bf18-92b02db92cee,keypresses.flights,available,58.99,58.99,54,0,11,namesilo,,
2d4ad266-c532-45a2-b754-28dc5ba0ce6f,puddings.flights,available,58.99,58.99,57,2,8,namesilo,,
2d730a6a-3b13-4251-be1f-9d9203e9e638,liquors.flights,available,58.99,58.99,52,7,7,namesilo,,
2d9b313f-60c3-4c5c-9703-881e517681c3,treating.flights,available,59.99,,70,3,8,name.com,,
2da2b270-9c43-40ba-8870-99163f794d24,studies.flights,available,59.99,,72,13,7,name.com,,
2dd11f30-7b17-4b9b-809a-ba3ce8dbc3a8,rages.flights,available,58.99,58.99,40,4,5,namesilo,,
2dd32f2e-ad62-4662-b303-cc62571bfe0a,instride.flights,available,59.99,,72,5,9,name.com,,
2e49c41e-a6a6-41c7-995d-655a521ba9ce,daydreamed.flights,available,59.99,,62,1,10,name.com,,
2e525fbd-e4c0-420e-8c24-6f62e5f5f982,tenths.flights,available,58.99,58.99,50,4,6,namesilo,,
2e69e0af-46e2-4536-b2f6-251dc54a321a,letslide.flights,available,59.99,,76,1,9,name.com,,
2e7a5d48-4105-4fa6-9cfb-523626778582,seniorcollege.flights,available,59.99,,67,1,14,name.com,,
2ec04e87-2c2f-4f67-9b4e-6b7f6f9301ea,asusual.flights,available,59.99,,58,3,8,name.com,,
2ed02ff9-2f6e-472f-b1da-e5fd9709a42f,seconded.flights,available,59.99,,53,2,8,name.com,,
2f041c4e-5ee7-4dff-9655-cfd0633e52d6,mostwanted.flights,available,59.99,,54,10,11,name.com,,
2f08700f-40fb-42ba-af3d-b4a694f19652,longago.flights,available,59.99,,68,3,8,name.com,,
2f10db07-9f4e-4e5a-bee1-39bfdb6c3b6a,sheepdog.flights,available,59.99,,76,9,9,name.com,,
2f1daa68-cec0-4040-b493-bf840ea7e8a4,sockit.flights,available,59.99,,70,5,7,name.com,,
2f1fa2c1-805d-4531-8493-592964a4d70c,nurses.flights,available,58.99,58.99,54,13,6,namesilo,,
2f2b6d31-7269-473f-a7f0-b63eaec7f7f6,electricians.flights,available,58.99,58.99,56,10,12,namesilo,,
2f337710-b1d5-4a8d-8322-b45b018800f2,makeupkiss.flights,available,58.99,58.99,67,1,12,namesilo,,
2f54e824-09fe-4b49-befd-217305d1f27d,thebird.flights,available,58.99,58.99,58,6,8,namesilo,,
2f58dda9-64a8-4e93-8b53-2a54ac589971,havetheupperhand.flights,available,59.99,,46,1,19,name.com,,
2f5b654f-3626-40cc-a949-479a68e87e8e,CoventGarden.flights,available,75.98,,72,6,13,namecheap,,
2f60aa6d-9d1e-4eae-b035-3d9fa7e2a050,makeitmakesense.flights,available,59.99,,50,7,18,name.com,,
2f8f347d-d475-4634-80a0-6a44032ababb,toomuch.flights,available,59.99,,78,11,8,name.com,,
2fb8a2b1-5b47-4d90-bf64-ad79d570e127,tightened.flights,available,59.99,,50,1,9,name.com,,
2fbf932e-c7dd-4aaf-b0ee-64af4ba61a7e,goby.flights,available,59.99,,74,9,5,name.com,,
2fbfdf70-7605-447e-bddd-2792fd2ef95b,getonto.flights,available,59.99,,74,3,9,name.com,,
2fcaed06-d89f-48bd-8b1c-5bcbe5a26abf,BonfireNight.flights,available,75.98,,64,1,13,namecheap,,
2fcfe7f9-b4ec-43e2-9813-9d515b8c29f8,gothewholehog.flights,available,59.99,,62,1,16,name.com,,
300f1462-2445-4d0b-9f58-629a8cfcfec5,reads.flights,available,58.99,58.99,54,10,5,namesilo,,
30147b49-d3ea-4190-9ad3-a42d8f9080b2,commonyears.flights,available,58.99,58.99,54,1,12,namesilo,,
302298a8-900b-4cd1-a002-2f8334ece284,advertises.flights,available,59.99,,56,3,10,name.com,,
30351534-ad95-437d-9911-2f4ace8e2af9,basedon.flights,available,59.99,,50,4,8,name.com,,
306dce15-0082-450f-a9d8-0159d36938b7,exchanges.flights,available,59.99,,50,11,9,name.com,,
3075bee5-e836-4609-a4e6-7235aedafc08,haveyoumetme.flights,available,59.99,,44,1,15,name.com,,
307afdf0-1e56-4ab1-858a-23c2dda4d287,foes.flights,available,59.99,,46,6,4,name.com,,
307cda69-8ee3-413a-9103-6b1c9ac92f93,barkeeper.flights,available,59.99,,70,4,10,name.com,,
307fa35c-2278-450b-b901-2e74913eb797,accounts.flights,available,59.99,,54,19,8,name.com,,
30800e89-620e-4575-af82-87805ee35b9c,seperation.flights,available,59.99,,48,2,10,name.com,,
30db6291-a82f-4177-a802-7270f7cb6530,newsfeed.flights,available,59.99,,54,8,9,name.com,,
30e2316f-a3e4-406b-afea-b9185efb2817,pumping.flights,available,59.99,,76,8,7,name.com,,
31003e79-203b-4863-874e-7c73760e316b,devoured.flights,available,58.99,58.99,40,3,8,namesilo,,
3142d573-3ce1-42a4-b178-554ec2b6ddd5,umbrellas.flights,available,58.99,58.99,59,9,9,namesilo,,
31436644-6c61-4e2d-b9bc-80bef7920d63,attentions.flights,available,58.99,58.99,54,4,10,namesilo,,
3156d69c-7594-4dd9-a2d9-8866993f83de,dropabombshell.flights,available,59.99,,58,0,16,name.com,,
31570b76-376c-4a5d-a9af-8f359a25d414,inhospital.flights,available,59.99,,60,1,11,name.com,,
315d2b1f-128b-4339-802e-ddb84e943bda,overrated.flights,available,59.99,,60,6,10,name.com,,
31660c2a-79f3-40b8-86ab-fccb568944c5,arguments.flights,available,59.99,,54,7,9,name.com,,
3177fa62-f698-4313-9188-62aaf47fac80,safest.flights,available,58.99,58.99,64,9,6,namesilo,,
3181a7ff-c2d9-4f87-837d-ac5fafc27f68,tornados.flights,available,59.99,,50,4,8,name.com,,
3182d4b2-65b8-4661-9971-85c3eb46a1e1,filesharing.flights,available,59.99,,76,7,12,name.com,,
318fdaf8-c976-41c5-b68d-bf9143939733,rubbed.flights,available,59.99,,62,2,6,name.com,,
31c06005-e3dd-4096-92ae-52102097172d,fasttracks.flights,available,58.99,58.99,56,4,11,namesilo,,
31d57f3d-8fa7-46eb-a74f-ba495c97ed09,plateout.flights,available,59.99,,65,1,9,name.com,,
31f09111-01f9-4881-bd81-cc449dcf5a3e,getupin.flights,available,59.99,,74,1,9,name.com,,
32168bbe-2e17-45df-9e96-2b8945d7e939,chickenfriedsteak.flights,available,59.99,,72,1,19,name.com,,
3239fdea-df14-474a-9b82-11127dbbe885,mountains.flights,available,59.99,,54,14,9,name.com,,
3259fb38-37cc-4b15-9d0b-e31f0a61a7b5,suggested.flights,available,59.99,,64,5,9,name.com,,
328bf885-8007-4572-ae40-c606e749cabc,candles.flights,available,59.99,,67,13,7,name.com,,
328c56eb-47b1-4331-a58b-e131d8b54c69,JollyRoger.flights,available,75.98,,82,10,11,namecheap,,
3291f13b-c77a-45e7-9945-102bc2cc0e02,getoveron.flights,available,59.99,,72,1,11,name.com,,
3292efa7-2a6d-4a90-8b90-6f3e6947f00f,waxedpaper.flights,available,59.99,,65,1,11,name.com,,
32b02bef-e8a2-4960-8b55-f7a5bcdabdf2,softenup.flights,available,59.99,,68,1,9,name.com,,
32b0d449-ff8a-4dd9-86ba-93d57f56352b,haveover.flights,available,59.99,,74,1,9,name.com,,
32d2e47b-e289-4e4a-a56d-43c58ef9c9bf,ushers.flights,available,59.99,,52,4,6,name.com,,
32e5c8b3-fbe4-48a3-b2d9-95a5b3a46a41,commonterm.flights,available,59.99,,68,1,11,name.com,,
32e98616-f997-43a7-8eb5-3d360bd393c1,speakers.flights,available,59.99,,66,12,8,name.com,,
331ce7c6-aaf5-43da-9821-a49f622ec31d,calculates.flights,available,58.99,58.99,50,4,10,namesilo,,
33254a7c-6dbe-4a61-a4cb-89052d528196,generalrank.flights,available,59.99,,50,1,12,name.com,,
3331f9a7-e9ce-45ff-b87d-072419e3ec1c,explains.flights,available,58.99,58.99,50,4,8,namesilo,,
33489818-eb3c-4230-8b99-2ec2e9aa2f8c,launchsite.flights,available,58.99,58.99,60,7,11,namesilo,,
334adc32-99bb-4fe2-ae3d-c2118f347fe3,Catholicism.flights,available,75.98,,74,6,11,namecheap,,
336bcc76-268d-49f9-a9d7-776a1b8057f7,makes.flights,available,59.99,,66,17,5,name.com,,
33888c11-7aaa-4dab-9ea2-a13caf269a3f,makehappen.flights,available,59.99,,80,3,11,name.com,,
33939ea2-31d3-44c5-af6d-e2e11dda4c94,keepwith.flights,available,59.99,,48,2,9,name.com,,
339534a0-e051-4e90-b0db-2e62c5312ecc,deeper.flights,available,59.99,,56,19,6,name.com,,
3395d1c0-1a78-4b31-9b94-2816dfff1c7e,fanmail.flights,available,59.99,,74,7,8,name.com,,
33cc546d-ea6f-4d34-8444-65837601ed36,errors.flights,available,59.99,,46,11,6,name.com,,
33e49812-be6a-4b42-9259-9e2d64477743,sweeps.flights,available,59.99,,51,12,6,name.com,,
33f40bf1-8266-4607-bffb-51fefc21e578,uponthewhole.flights,available,59.99,,46,1,14,name.com,,
340207ff-d78d-45e8-8af0-58aec7b97651,coffeeklatsch.flights,available,59.99,,72,1,14,name.com,,
341a4348-0748-4f65-98e7-8f109953850d,underprotest.flights,available,59.99,,30,1,13,name.com,,
341d321e-0bf3-41e8-98f9-4d186d9a5463,strangers.flights,available,59.99,,46,9,9,name.com,,
342cdd61-f2ed-4e66-8aa8-dc0592398025,updates.flights,available,58.99,58.99,54,15,7,namesilo,,
342fcaa4-26b7-4e07-ab1a-018891bc8313,IliveinMelbourne.flights,available,75.98,,50,0,19,namecheap,,
3451cc55-ba19-4569-8612-687a419b1373,actresses.flights,available,58.99,58.99,56,5,9,namesilo,,
3459fe42-3eb2-4944-ad72-c7bef4c37aaa,gettobe.flights,available,59.99,,54,1,9,name.com,,
348b5776-3ea0-4cd9-9ad3-cc51f4ad6cc8,gohome.flights,available,59.99,,76,14,7,name.com,,
3490b463-4c3f-42e2-bda6-b5dc007dc688,Vehicles.flights,available,75.98,,49,13,8,namecheap,,
349a052a-98c8-45e6-b915-e78e831795b3,motors.flights,available,58.99,58.99,50,18,6,namesilo,,
34eb60e2-c39b-4755-9f66-8cefc8575376,rakeout.flights,available,59.99,,66,1,8,name.com,,
34ec64e5-9bf0-4ac3-a19f-a45fb9101245,knows.flights,available,59.99,,48,20,5,name.com,,
3512f74b-1504-44e2-895a-208f3334f696,smashup.flights,available,59.99,,58,5,8,name.com,,
35257e7e-bc6f-4f67-9c35-fbf787db448d,locks.flights,available,59.99,,66,14,5,name.com,,
352a6d0d-ad24-4dd5-baff-f96ae8b3567f,constants.flights,available,58.99,58.99,70,4,9,namesilo,,
352d183c-ce02-4c68-8766-023e58275052,ventilators.flights,available,58.99,58.99,48,4,11,namesilo,,
354c30e9-2d24-414e-9867-ce5a9f3d4f0c,havenousefor.flights,available,59.99,,56,0,15,name.com,,
35667794-1ee3-49e9-9e95-fd5a3fd12b2d,fishtail.flights,available,59.99,,68,5,9,name.com,,
356e9275-0661-4929-b9ed-f6c4b2466a8d,conflicts.flights,available,58.99,58.99,66,5,9,namesilo,,
35752b0d-9748-48e0-bad9-6791ef8a7dfc,getoutthevote.flights,available,59.99,,70,2,16,name.com,,
3581ddd7-917d-42a2-8780-55e7b5dd3a41,getthememo.flights,available,59.99,,74,1,12,name.com,,
359d7a23-ad53-43d9-bbd1-bdc060350cf1,tirades.flights,available,59.99,,46,1,7,name.com,,
35df406e-9758-46ff-879f-4cdcdc3bf235,patches.flights,available,59.99,,53,16,7,name.com,,
35e020ee-ae2e-4ca2-807b-56582f7b33f2,proofs.flights,available,59.99,,55,13,6,name.com,,
3615f701-9f96-451a-b21a-d99a37c9c736,resumed.flights,available,59.99,,56,4,7,name.com,,
3633fe41-abf3-40b0-871d-09f9b060390c,Frenchfried.flights,available,75.98,,70,2,12,namecheap,,
36418ee1-7d94-4ad0-90a8-d2b26ff1a0c7,droppingin.flights,available,59.99,,70,2,11,name.com,,
365f46d1-ac98-4805-9c8f-2ade50479f1d,gotothewashroom.flights,available,59.99,,56,1,18,name.com,,
367ae95a-4461-43b3-9957-eba11b418fcf,results.flights,available,59.99,,59,22,7,name.com,,
367d2118-279a-4421-b450-de9aedd115c4,motorracing.flights,available,59.99,,74,4,12,name.com,,
367e94e3-3496-4983-a4e6-f79015f94781,goodcheer.flights,available,59.99,,60,2,10,name.com,,
368402fe-6a36-4d0f-a678-86fc3545662a,chiefofstate.flights,available,59.99,,60,1,14,name.com,,
368aa073-4571-4d83-9a69-1c468edabd8d,waited.flights,available,59.99,,58,3,6,name.com,,
36a97615-cec4-431d-91c0-248e936667c6,instyle.flights,available,59.99,,78,12,8,name.com,,
36c033f0-7f69-41df-9110-a18a5db0b94e,cometorest.flights,available,59.99,,70,1,12,name.com,,
36d052c0-ffe1-434d-ae55-86fb831e0ee1,menus.flights,available,58.99,58.99,54,14,5,namesilo,,
36d85a57-e11d-4c11-abb1-c89f1de04091,publicservice.flights,available,59.99,,65,8,14,name.com,,
36dc35b2-b1d4-4629-8dd9-c902a87d0e43,makeoneselfathome.flights,available,59.99,,72,1,20,name.com,,
36f2068a-59df-459b-adba-378e43841cea,finalized.flights,available,59.99,,52,2,9,name.com,,
37096f4a-9c59-41e5-a172-2558c7a1c970,deadoralive.flights,available,59.99,,54,5,13,name.com,,
3714a70e-97a1-4c83-bec4-d6b5d3e714fb,sits.flights,available,59.99,,54,10,4,name.com,,
371dcd2a-77c7-4c55-8497-66fc31f7c895,cells.flights,available,59.99,,61,13,5,name.com,,
37343479-cb96-42fd-9f69-4341f160f1bd,pads.flights,available,58.99,58.99,68,10,4,namesilo,,
374512c5-7a42-465a-8137-e499253fce79,introductions.flights,available,58.99,58.99,56,4,13,namesilo,,
3760aa70-4dc0-4395-8af9-ab25efb7f9f0,drapes.flights,available,59.99,,76,5,6,name.com,,
378e5371-c49f-445d-aa81-2cdef815ff62,approached.flights,available,59.99,,50,2,10,name.com,,
37904afb-5a66-4672-93dd-d26521292ab6,additions.flights,available,59.99,,58,4,9,name.com,,
379104bc-3926-4eaf-872f-114762c9e2d0,backtalk.flights,available,59.99,,68,5,9,name.com,,
37cff505-148f-4aff-85ae-956ea9391a19,CountyofYork.flights,available,75.98,,44,1,14,namecheap,,
37dca430-e701-454f-a898-7e06fa1a6fd1,killed.flights,available,59.99,,56,5,6,name.com,,
37f49209-ed9e-4c2e-995d-d0be72a1a193,equations.flights,available,59.99,,54,5,9,name.com,,
37f54752-e0b6-4597-94b1-57153f15534e,flipflops.flights,available,59.99,,52,5,10,name.com,,
380d8d80-4fef-42ea-9fbf-90b66c136838,grayest.flights,available,58.99,58.99,50,1,7,namesilo,,
381262ea-cc4a-4d4d-aa9f-d5fe1ff9f745,descriptions.flights,available,58.99,58.99,60,3,12,namesilo,,
3819d7d1-69ea-4fc1-834a-917da0476d70,highresolution.flights,available,59.99,,64,3,15,name.com,,
381f8de0-7d53-4cbd-8b99-01e1d40f1f99,cutthrough.flights,available,59.99,,74,6,11,name.com,,
38430928-e01b-446a-9f67-9ef20630cfc0,havenosympathy.flights,available,59.99,,54,1,16,name.com,,
384dc266-f368-4201-a1d2-bf7ce76920b5,believeitornot.flights,available,59.99,,54,3,17,name.com,,
3872887f-4f2d-4bef-a6e0-8cefdc87ea48,getoutta.flights,available,59.99,,54,1,9,name.com,,
3880c4a9-21f5-47ba-8e55-2230aa5790df,RomanEmpire.flights,available,75.98,,86,4,12,namecheap,,
38a93a74-368a-4665-8a12-758c2cab6565,travellers.flights,available,59.99,,53,11,10,name.com,,
38ae1d66-55ef-4d2c-8e8a-30b8d97c9f10,gettheidea.flights,available,59.99,,79,0,12,name.com,,
38b546ea-c591-40f9-a4d0-c43b42e53a2d,SikhEmpire.flights,available,75.98,,64,1,11,namecheap,,
38bf4708-46ec-44be-8222-5758e27afaaa,chiefs.flights,available,59.99,,50,10,6,name.com,,
38c54fb3-af01-4fb9-8622-52e40c5932f6,thoughts.flights,available,59.99,,65,18,8,name.com,,
38db8bf1-d1ef-47a3-abc2-407e459ab535,DistrictofColumbia.flights,premium,138.6,138.6,52,4,20,namecheap,,
38eae6d8-7eb7-4a35-92a6-2bc1c48d0c68,blewagasket.flights,available,58.99,58.99,34,1,13,namesilo,,
38eb53db-d4e9-4493-aa89-db9618fe7ec1,ballplayer.flights,available,59.99,,74,3,11,name.com,,
3900699e-44b5-473e-a848-17df051e43d3,GodtheHolyGhost.flights,available,75.98,,58,1,18,namecheap,,
393504ee-cd34-4d24-9f00-abb6f9eb59f4,fruits.flights,available,59.99,,74,17,6,name.com,,
3940a78b-7763-44fc-8961-f822500b7b4a,starts.flights,available,59.99,,54,9,6,name.com,,
394a5f80-b0bc-4a51-a818-3ca6a53652c5,subsequently.flights,available,59.99,,58,1,12,name.com,,
39612a20-e65a-4306-8587-087b9e4fe82d,getoutof.flights,available,59.99,,79,2,10,name.com,,
39695a2b-ae6e-49f8-bfae-22d393ac359b,Ilostmyhandbag.flights,available,75.98,,50,1,17,namecheap,,
39ada6a8-e7b1-4208-b03d-8a8acd9f017e,chiefofstaff.flights,available,59.99,,60,9,14,name.com,,
39b72fb8-dc32-4ff5-84fb-0aafbae49092,sported.flights,available,59.99,,59,2,7,name.com,,
39b97c64-1673-47f9-b8d1-91928d583b4b,proxymurder.flights,available,59.99,,36,1,12,name.com,,
39bf8c92-937b-4928-a178-2d997a2859c0,organisations.flights,available,58.99,58.99,52,3,13,namesilo,,
39d0ab48-7939-4d89-8bf6-de4d24c03216,threats.flights,available,58.99,58.99,44,8,7,namesilo,,
39d82046-c8d2-48eb-abc9-7032c87c478a,thongs.flights,available,58.99,58.99,50,5,6,namesilo,,
39f1ee79-e22e-4e8e-bc26-a579117ac4e5,nojoke.flights,available,59.99,,48,4,7,name.com,,
39f83904-a873-4f29-b354-f845267834d6,thumbs.flights,available,59.99,,56,7,6,name.com,,
3a16182a-fbfe-4e0d-9b63-e46a79aa96f0,chalkboards.flights,available,58.99,58.99,52,2,11,namesilo,,
3a22416f-2172-4f70-9137-ffc6b9748d99,televised.flights,available,58.99,58.99,72,3,9,namesilo,,
3a2b0918-ec45-48d7-9b17-2b724b006c5b,midbreakfast.flights,available,59.99,,70,1,12,name.com,,
3a384d03-be7b-42ba-99f4-8b865ab757f9,macaroniandcheese.flights,available,59.99,,72,2,19,name.com,,
3a4e991f-e5e5-48f7-a896-d722394d87d9,beonto.flights,available,59.99,,74,1,8,name.com,,
3a58a780-9ae9-4228-85a8-91637ca0d88e,gothroughwith.flights,available,58.99,58.99,58,1,15,namesilo,,
3a637c48-a26d-4690-be94-f903407af4fb,inthemain.flights,available,59.99,,50,1,11,name.com,,
3a8bdbea-3510-4396-9e0e-9e6330721556,GoldenValley.flights,available,75.98,,58,6,13,namecheap,,
3a98fb51-eadb-40a8-b0bb-2a83d679dac1,breads.flights,available,59.99,,58,5,6,name.com,,
3a99b0d7-47a2-4b3c-bc67-a11313ac1e17,overwhelmed.flights,available,59.99,,48,5,11,name.com,,
3abcc28f-31f6-4742-bd08-a334129e7fae,VeniceBeach.flights,available,75.98,,56,7,12,namecheap,,
3ad77043-5565-4d52-9f29-6777ec9297be,sisters.flights,available,59.99,,63,15,7,name.com,,
3ae1cf7d-0dd5-497b-96b6-dbd7a34e12b1,officecleaner.flights,available,59.99,,41,1,14,name.com,,
3b00744a-c182-46c3-a28a-d46f41021153,generations.flights,available,59.99,,56,20,11,name.com,,
3b03de76-57f6-422d-addc-f5de08fe36ca,nitpicking.flights,available,58.99,58.99,58,1,10,namesilo,,
3b2eb888-595f-40fc-9e13-7f4caea159ca,justthesame.flights,available,59.99,,46,1,13,name.com,,
3b39f80e-8043-418c-acb3-e3417cf1d6be,inhouse.flights,available,59.99,,70,23,8,name.com,,
3b519eae-1d69-42de-a924-db4236c41a78,estimationtheory.flights,available,59.99,,60,1,17,name.com,,
3b6882f7-7642-4f05-b08d-304bfcbece08,overanxious.flights,available,59.99,,64,1,12,name.com,,
3b6c30be-c67f-40b5-81cb-addf3376096a,forms.flights,available,59.99,,54,28,5,name.com,,
3b81c8cb-5928-48fa-b321-18441b4a47f3,trailers.flights,available,58.99,58.99,54,15,8,namesilo,,
3bbdf231-5ba9-4c0d-a0a0-ab3eef383ad6,vales.flights,available,58.99,58.99,56,9,5,namesilo,,
3bf28175-aaee-47a6-8484-e065c4eaddbd,pluses.flights,available,58.99,58.99,56,4,6,namesilo,,
3c03b2f8-ca9b-4d26-bf71-719587598ede,filewith.flights,available,59.99,,68,2,9,name.com,,
3c4c953b-a5cc-444e-882e-dead5e652731,comeonto.flights,available,59.99,,72,1,10,name.com,,
3c8797dd-2d24-470b-93b8-d884d6c83888,refused.flights,available,59.99,,50,4,7,name.com,,
3cb2834a-cb26-458e-98fc-1d74b79adadc,approaches.flights,available,59.99,,70,3,10,name.com,,
3cb45718-093b-4547-83a8-ad9defd84827,leavethenest.flights,available,59.99,,70,1,14,name.com,,
3cd2cdae-2da6-4cc9-a5e2-4b10568e47e9,businessmen.flights,available,58.99,58.99,74,4,11,namesilo,,
3cf2d74f-d581-47bf-896c-983e87730ab7,busoperator.flights,available,58.99,58.99,50,2,12,namesilo,,
3d2ead74-b2d4-4c5e-b2f3-42676592a956,MardiGras.flights,available,75.98,,78,10,10,namecheap,,
3d45c35b-ca35-47a7-b94e-978968e0ef78,plusses.flights,available,58.99,58.99,56,1,7,namesilo,,
3d50fc5b-af66-44ff-baa0-512d1f4609f5,manybodied.flights,available,59.99,,68,1,11,name.com,,
3d51d905-c40e-4e2e-a64d-a5ba35a9f198,flaxcotton.flights,available,59.99,,56,0,11,name.com,,
3d8d933b-ef12-4cad-b0b1-391a821d3356,ofan.flights,available,59.99,,44,4,5,name.com,,
3d922e1c-ecc5-4d90-ad7c-529ac8d83806,users.flights,available,59.99,,54,18,5,name.com,,
3d93f75f-f269-487f-a372-eea79496fae0,postponement.flights,available,59.99,,57,1,12,name.com,,
3da74200-7b79-49c6-9da4-3493df8dee16,surprises.flights,available,58.99,58.99,64,4,9,namesilo,,
3dad977d-af3f-4c83-ba48-8a84b61d615f,technicals.flights,available,59.99,,52,6,10,name.com,,
3dbf1bad-fcc6-4358-b4de-d8d0683f76aa,onfile.flights,available,59.99,,48,4,7,name.com,,
3deade52-f42f-4652-8e8a-ef359df27508,cometobe.flights,available,59.99,,72,0,10,name.com,,
3ded24ae-48a8-441e-9826-b08ebcdcef57,fasttracked.flights,available,58.99,58.99,56,1,12,namesilo,,
3e09d37c-34ae-4e33-84e6-e9ce6e3ea6e8,paintthinner.flights,available,59.99,,56,1,13,name.com,,
3e14aca1-2ace-46d2-a993-32d692f88936,dowithout.flights,available,59.99,,68,1,10,name.com,,
3e1e2b6f-6043-4e9a-84a3-e0661bf9a1b4,attendto.flights,available,59.99,,70,1,9,name.com,,
3e366af2-b68e-4c39-adb1-7a33d9fb0e5f,textures.flights,available,59.99,,50,9,8,name.com,,
3e41c6da-3ca6-4d99-b34b-460dd16d1525,devotions.flights,available,58.99,58.99,56,5,9,namesilo,,
3e5d8905-4f14-4d88-810c-c1841ff80b2c,asoflate.flights,available,59.99,,56,0,10,name.com,,
3e71c493-da1f-4fcb-98c8-d24ccf562097,networks.flights,available,59.99,,60,20,8,name.com,,
3e839a10-b943-411e-91d2-7692633215f4,gowithGod.flights,available,75.98,,68,2,11,namecheap,,
3e8863c6-f0e8-4512-bc1d-b24830818080,chickenofthesea.flights,available,59.99,,68,2,18,name.com,,
3ea56061-53c9-42f1-ad45-4b4bc70d72ae,flipthescript.flights,available,59.99,,72,6,15,name.com,,
3ede6eaa-dcf3-40c8-9a5d-bd3cd8c29c31,onestepahead.flights,available,59.99,,58,4,14,name.com,,
3ee91970-9fab-4df1-999e-42b90c1c79a7,happens.flights,available,59.99,,52,8,7,name.com,,
3ef8ee52-d1a7-4856-8c16-29e2b635872b,backtobasics.flights,available,59.99,,70,10,14,name.com,,
3ef9ced3-4c6f-455a-aafd-3f6d71a0d8db,deadon.flights,available,58.99,58.99,66,4,7,namesilo,,
3f1346d5-101f-4d3e-9cef-32d007c915b8,hasto.flights,available,58.99,58.99,56,3,6,namesilo,,
3f4ef009-504b-44bf-a30e-a01ecc51154b,feelfor.flights,available,59.99,,70,2,8,name.com,,
3f584448-55a7-471c-9af1-06270de654af,ChildJesus.flights,available,75.98,,56,2,11,namecheap,,
3f5a0bd8-ae9e-4ec9-abd7-f4ca343d6a5f,tospare.flights,available,59.99,,54,0,8,name.com,,
3f63969f-16c0-4f3e-ab74-79a3f7c868cb,cloves.flights,available,59.99,,60,5,6,name.com,,
3f7bbbbf-2d9c-4eef-95d3-4aa6f92c5c1f,dogwoods.flights,available,58.99,58.99,76,2,8,namesilo,,
3f835187-827d-416e-a6db-9f491986c7b4,AcademyAward.flights,available,75.98,,76,1,13,namecheap,,
3f848900-dd20-4a21-9f14-894d352d052c,rakes.flights,available,58.99,58.99,50,3,5,namesilo,,
3f9f17ac-4be7-4a9c-9698-0d418f568606,GrandExchange.flights,available,75.98,,56,5,14,namecheap,,
3f9fdf78-4ca5-4fb8-8be7-27f0781217d2,screens.flights,available,59.99,,54,13,7,name.com,,
3fd54f66-3959-43cd-adfe-cdf99c5aef71,KFC.flights,available,75.98,,74,27,3,namecheap,,
3fe719f0-d351-4671-ab0c-47eb40289a81,fires.flights,available,59.99,,46,10,5,name.com,,
3ffcc325-3487-418c-9d3b-806ad8846907,commonleopard.flights,available,59.99,,46,0,14,name.com,,
3fffe9b4-672b-43ff-a62f-ebf0c812572d,filed.flights,available,59.99,,48,7,5,name.com,,
4018297a-5b97-4b78-9d0a-42352e54e188,bills.flights,available,59.99,,54,19,5,name.com,,
401efebe-0d8b-4aa4-9ab1-a8798468c506,refreshment.flights,available,59.99,,74,4,11,name.com,,
4034b8dd-70b6-4d3d-83f7-5c35f1f835d6,bedsheet.flights,available,59.99,,78,3,9,name.com,,
40380bd9-286f-4991-a80b-6fbb51a77704,statehood.flights,available,59.99,,70,2,9,name.com,,
4060d2af-0576-43e5-a659-d25efdcaf017,manages.flights,available,59.99,,56,3,7,name.com,,
4063a383-57a4-4d5c-993a-8c324f702fe7,estimates.flights,available,58.99,58.99,50,7,9,namesilo,,
406968ef-34c0-4ebf-8caa-14411882821a,filefootage.flights,available,59.99,,74,1,12,name.com,,
406b0869-db55-4a54-afd6-37cbe37d5f8b,scoopout.flights,available,59.99,,48,1,9,name.com,,
407cb7ed-3c6f-40b3-b9a5-254ddfb6d394,dogs.flights,available,59.99,,76,28,4,name.com,,
409f5508-03a3-4766-9c8c-18ae3312ff92,cometotermswith.flights,available,59.99,,66,1,18,name.com,,
40bdb2ed-a0bf-46a6-b1fa-217be4efaaf9,centres.flights,available,58.99,58.99,53,4,7,namesilo,,
40d29e4d-698b-4a41-8dda-19b81a90470e,shoveover.flights,available,59.99,,59,1,10,name.com,,
40d74b01-29b7-45ff-b5d9-f2af3faec97d,ambled.flights,available,58.99,58.99,58,2,6,namesilo,,
40e9b4ba-c5b6-499f-8d8e-db99a8587435,estatebottled.flights,available,59.99,,56,0,14,name.com,,
40f809ef-7153-4c8d-b1db-bb0ed18aba58,companies.flights,available,59.99,,62,16,9,name.com,,
4104b509-5cfa-4f4b-9bae-de9f27ee4dc7,prisms.flights,available,58.99,58.99,56,7,6,namesilo,,
41277434-19a5-4fa6-a84f-b61ecdf7cbde,manytoone.flights,available,59.99,,68,2,11,name.com,,
41359d77-de7c-41cd-a4b8-6b9090f6437f,magazines.flights,available,59.99,,60,11,9,name.com,,
4167475f-1600-4397-b7b6-8400eee44ef0,introspections.flights,available,58.99,58.99,48,2,14,namesilo,,
41681c64-b740-4820-bec7-7abf02bf38db,toweather.flights,available,59.99,,48,1,10,name.com,,
416a8677-edbf-4cf8-adfb-06613683d867,stepbystep.flights,available,59.99,,62,14,12,name.com,,
416cb478-7638-44b3-bdaf-0e68119a0895,tycoons.flights,available,58.99,58.99,55,6,7,namesilo,,
416fd369-7cb9-4d5e-bf64-81e7a1636b8e,cuddles.flights,available,58.99,58.99,71,10,7,namesilo,,
41735a78-8ea1-49a7-8df6-3f7283853698,makestrides.flights,available,59.99,,78,1,12,name.com,,
418a8cbc-a814-4ca7-b334-b00cb2a557bc,neared.flights,available,59.99,,52,1,6,name.com,,
41fe4c85-38ca-40a7-a359-f2003648b5c7,ventured.flights,available,59.99,,60,6,8,name.com,,
41ff127e-870a-481f-8c0b-77a7eaf6e24d,getthehangof.flights,available,59.99,,71,1,15,name.com,,
42054640-de7d-4746-99ee-a743f59c5a4e,gobust.flights,available,59.99,,68,1,7,name.com,,
420c3f2b-2f29-4b48-b2e1-0679634308e0,retailbanking.flights,available,59.99,,59,3,14,name.com,,
420c455c-6323-41f4-b635-4986d1602309,sites.flights,available,59.99,,53,26,5,name.com,,
42121a87-717d-445a-bbd7-1561dd2345af,filledin.flights,available,59.99,,52,2,9,name.com,,
421293cb-c19d-4a80-af5c-27b81c34dc83,thirdyear.flights,available,58.99,58.99,66,1,10,namesilo,,
421c85b1-58b8-4405-a0f9-28a32a1bdc00,bicycles.flights,available,58.99,58.99,68,9,8,namesilo,,
42230cbc-7751-4ae5-9233-c3bb4323744a,flashdoor.flights,available,59.99,,50,0,10,name.com,,
422a4b66-598c-4a2e-9c59-5ef2ebc39b83,filesize.flights,available,59.99,,64,2,9,name.com,,
423c1c47-2cd2-4523-bbe6-250db15b017f,commonheather.flights,available,58.99,58.99,64,1,14,namesilo,,
424285fa-c7c1-4f96-af09-583edf152036,steerclear.flights,available,59.99,,80,2,11,name.com,,
42748266-9c47-4dd4-95c1-9369f9692084,besupposedto.flights,available,59.99,,60,1,14,name.com,,
4286c3ab-661c-4cc8-9b12-5aabf13e060f,units.flights,available,59.99,,56,16,5,name.com,,
4288fcc8-5bbb-44f7-b7be-45702987bb8c,chickenroll.flights,available,59.99,,76,2,12,name.com,,
42a36e49-c7e7-481f-ba02-7bb8b0b4a5d8,comeup.flights,available,59.99,,74,5,7,name.com,,
42b59a8b-6acc-439c-9c35-f2bb73be6519,suspecting.flights,available,59.99,,48,1,10,name.com,,
42b75ccf-e355-480a-a34b-38a48703530a,justthejob.flights,available,59.99,,56,3,12,name.com,,
42eec76a-479b-4647-ab2c-e7a3416a36db,manyhandedness.flights,available,59.99,,64,1,15,name.com,,
42ef26fa-9d72-4c9b-8401-7838ded87c5b,professions.flights,available,58.99,58.99,50,6,11,namesilo,,
42f7aa5a-cfc9-4225-a0b7-633be1566adb,stuffyou.flights,available,59.99,,44,1,9,name.com,,
433bebf5-904f-46fc-b2ec-c98c230f1634,couples.flights,available,59.99,,52,14,7,name.com,,
4379673b-3b46-425e-b9c8-210af6ad04a2,velocities.flights,available,59.99,,52,4,10,name.com,,
43adc73b-b6f2-4693-88eb-e8b43e4a499c,cometrue.flights,available,59.99,,82,5,9,name.com,,
43d92c35-ded7-48f4-90d8-3d3ef14fe608,protocols.flights,available,58.99,58.99,50,17,9,namesilo,,
43e1e235-1783-419b-8a25-5059c033d85b,motorvehicles.flights,available,58.99,58.99,42,1,14,namesilo,,
43e6776d-7751-4af1-a2f4-751e3073de60,preliminarily.flights,available,59.99,,41,1,13,name.com,,
44115735-f173-47dc-acb9-408933dcea65,secondyear.flights,available,58.99,58.99,66,1,11,namesilo,,
44162561-2ec5-4994-9280-f8618f4b5045,hangover.flights,available,59.99,,62,12,9,name.com,,
44306d27-ce4a-471e-aea3-062a84636954,ladiesandgentlemen.flights,available,59.99,,70,3,20,name.com,,
44468231-ff55-443e-a6cd-4b53a9de06ad,majorityminority.flights,available,59.99,,42,0,17,name.com,,
447faafa-fe77-4ebd-9264-f47b479c4adf,licensinglaw.flights,available,58.99,58.99,42,2,13,namesilo,,
4491c80b-592b-4cdb-871b-b1a19fd28827,cheesedown.flights,available,59.99,,62,0,11,name.com,,
44971050-5720-4e59-8ee8-5febd6aeddf7,forests.flights,available,59.99,,60,11,7,name.com,,
44a47d8b-3bde-4973-8fd0-50093011a16e,does.flights,available,59.99,,60,15,4,name.com,,
44b0ddb8-e5a7-4abc-b8ba-cfcd6bf7db5a,forces.flights,available,59.99,,82,12,6,name.com,,
44c861fc-1696-4f76-a138-e51725746da4,buttercups.flights,available,59.99,,68,4,10,name.com,,
44e54720-0b67-4555-a1c8-6a61122a9953,asoftenasnot.flights,available,59.99,,40,1,15,name.com,,
45134b3b-6f2c-4926-9570-ebd900d90350,printmedia.flights,available,59.99,,78,6,11,name.com,,
452e113f-c507-4e32-802e-f31c22cf2b8c,cases.flights,available,59.99,,50,12,5,name.com,,
45353aaa-d339-437d-88fc-1bd1676540a0,referees.flights,available,58.99,58.99,55,4,8,namesilo,,
4551d0f8-2b50-42ca-92b3-93fd9c099931,sidewalks.flights,available,58.99,58.99,56,5,9,namesilo,,
455cb0a0-b66d-46e7-8466-cc1eddbeffac,officeclerk.flights,available,59.99,,49,1,12,name.com,,
456bb558-1baa-4f1c-b26b-b4e277aa77ec,sportsperson.flights,available,59.99,,77,2,12,name.com,,
456c5912-e14b-45b6-b161-7b28d3252390,neckandneck.flights,available,59.99,,46,1,13,name.com,,
4570d50e-360b-4532-bb24-3a56ae92796b,getmedieval.flights,available,59.99,,70,1,12,name.com,,
457576d2-075c-467a-8c30-5df0576770f5,majorityproblem.flights,available,59.99,,50,0,16,name.com,,
457e9f88-54fd-442b-9720-6b8896752002,honeymoons.flights,available,58.99,58.99,64,6,10,namesilo,,
459dbbe2-7a90-4abb-8779-de8f9a56013e,roofs.flights,available,59.99,,50,11,5,name.com,,
45b832e9-b8d4-442e-8470-9e64c05da77c,aboutto.flights,available,59.99,,56,2,8,name.com,,
45e68aa7-56ee-48fb-b37f-f8bf54c829e6,vetoed.flights,available,59.99,,50,2,6,name.com,,
45eaba55-61f5-4cfa-a5ae-388d16aa4e76,priests.flights,available,59.99,,58,4,7,name.com,,
46070697-7df6-4c24-a86f-e89d82b80bd7,wafers.flights,available,58.99,58.99,54,4,6,namesilo,,
46076bb7-5b45-4507-803b-c3661225a760,Places.flights,available,75.98,,74,22,6,namecheap,,
4610f678-a2ca-4168-9da4-57095d9ff7f8,getthenod.flights,available,59.99,,77,2,11,name.com,,
464b4d2c-2624-452d-9cc4-603df682edf0,alcoholusedisorder.flights,available,59.99,,48,1,20,name.com,,
468f02e6-80a0-4867-8eab-a938b0378c26,gobackon.flights,available,59.99,,72,2,10,name.com,,
46976e36-4f3b-4297-9de6-1e1f7d2e8a2a,disobedience.flights,available,59.99,,64,3,12,name.com,,
469788ee-582f-4e0e-b300-e96179395509,restaurants.flights,available,59.99,,57,21,11,name.com,,
46be51f2-e2c3-4634-bf68-e9f3749cf037,childclass.flights,available,59.99,,50,1,11,name.com,,
46c578b0-28ea-410a-b3d4-b69ead4290e5,manyhappyreturns.flights,available,59.99,,46,2,18,name.com,,
46d25ea1-c5d8-4e89-8bdd-493e936e4b02,jetblack.flights,available,59.99,,82,8,9,name.com,,
46df3660-e732-43d3-9f57-23f97f470cf5,goonebetter.flights,available,59.99,,62,1,13,name.com,,
46fb031c-4ea5-4cd3-ae85-7cf63fbbf6c7,motorsport.flights,available,59.99,,74,23,10,name.com,,
470b3573-8e53-4e4b-9372-b64f6f52c38f,justifications.flights,available,58.99,58.99,44,1,14,namesilo,,
47126ed6-e904-4643-9367-4481b4597ac2,getoffeasy.flights,available,59.99,,58,1,12,name.com,,
471a4048-e7e5-477d-8a80-ae012742d4a9,blazeofglory.flights,available,59.99,,72,1,14,name.com,,
4733d326-fa00-4b52-a6f8-a91e459dbef8,LongBeach.flights,premium,138.6,138.6,62,11,10,namecheap,,
4754efdf-9987-40b9-9616-a24367d7b329,upperlip.flights,available,59.99,,52,1,9,name.com,,
47821267-e98d-461f-9a8a-deff9686a601,motions.flights,available,59.99,,62,12,7,name.com,,
47967338-3436-42a3-b056-4e5671d0b251,remedied.flights,available,59.99,,58,1,8,name.com,,
47a6311c-1f68-409d-ad3e-4c4298bd0140,hightech.flights,available,59.99,,83,16,9,name.com,,
47ce5599-f40e-4f3b-a14a-52b6d7db1f3a,justthen.flights,available,59.99,,62,1,9,name.com,,
47cfbbc5-da4f-4769-a297-8841ffd1794e,divinehealing.flights,available,59.99,,54,7,14,name.com,,
4802ebb3-b1fc-4173-baa5-2e7bb31cfcf5,mentioning.flights,available,59.99,,52,2,10,name.com,,
48192a2d-1e78-4d65-bc9c-22bc02cad6d7,pops.flights,available,58.99,58.99,74,24,4,namesilo,,
484433e6-353f-4038-84c5-2252752f19d2,coffeecake.flights,available,59.99,,80,2,11,name.com,,
4878a4e4-70e2-41db-a812-3300e55da3c1,bebothered.flights,available,59.99,,63,1,11,name.com,,
48bb62d5-3bfa-424a-baf7-fec14516f4cb,granddaughters.flights,available,58.99,58.99,60,1,14,namesilo,,
48c0002b-0e07-4d36-a5ad-57076b3d8740,recommending.flights,available,58.99,58.99,58,3,12,namesilo,,
48d24ecb-5b59-412a-9d1c-a2454cf129ae,referred.flights,available,59.99,,52,6,8,name.com,,
48e5d274-32f1-44f0-adcd-5ba6c10b5360,overwith.flights,available,59.99,,60,1,9,name.com,,
48ed544b-6bf3-4a8d-b39f-6bc965eeeb30,clearsailing.flights,available,59.99,,72,1,13,name.com,,
48fdbeeb-82ed-4fe5-9665-f19a0b1ff359,decidedness.flights,available,58.99,58.99,74,1,11,namesilo,,
48fedff2-d5dd-4d68-803b-bcef076635ad,lunchtimes.flights,available,58.99,58.99,60,1,10,namesilo,,
4950121c-27b1-4be9-9a4a-29de41550931,AcademyAwards.flights,available,75.98,,68,3,14,namecheap,,
49534044-ab30-4583-a199-bfb8fa2e5bd9,specializing.flights,available,58.99,58.99,52,2,12,namesilo,,
497b20c5-82c7-4684-86d7-16092d9aea2e,gowiththeflow.flights,available,59.99,,82,7,16,name.com,,
49853bd7-8e53-4863-9e2c-c757ccbf8f1b,gonowherefast.flights,available,59.99,,50,1,15,name.com,,
4987b221-fc61-4cd0-a4ee-9cb65eba0741,intimewith.flights,available,58.99,58.99,52,0,12,namesilo,,
49a45212-8fd1-43d5-a63b-9172167ba4dd,spillover.flights,available,59.99,,68,4,10,name.com,,
49a8828d-635c-4e27-8dc8-09284dc24dea,ambitiousness.flights,available,59.99,,74,1,13,name.com,,
49b8bd0f-c0d5-475d-b091-e3a861554e6d,Sundays.flights,available,75.98,,61,17,7,namecheap,,
49bd2f6b-e586-4c19-b15a-fc488274a529,gowiththeturf.flights,available,59.99,,66,0,16,name.com,,
49e8e4d4-e850-4a7d-a4b8-d07a8b9b6385,parties.flights,available,59.99,,58,13,7,name.com,,
49f6ace6-04bd-4f51-a3d2-1730ee51eff1,smartest.flights,available,58.99,58.99,64,20,8,namesilo,,
4a03c5a0-4484-4331-a443-9daeb7c304d7,tapwater.flights,available,59.99,,71,7,9,name.com,,
4a07720e-09a8-4533-950f-cdcae30a5bd6,Jews.flights,available,75.98,,50,12,4,namecheap,,
4a15bbcc-6ac8-498d-8988-ff92f5b06bb3,edamame.flights,available,58.99,58.99,80,9,7,namesilo,,
4a182997-4c24-4aaa-84b1-f3005d5717d9,Ryan.flights,available,75.98,,60,44,4,namecheap,,
4a22cd8a-a547-4182-aeee-24770f84b0b3,sqm.flights,available,59.99,,54,11,4,name.com,,
4a27ad79-abb1-40e9-a61b-af192b733e2c,gears.flights,available,59.99,,54,12,5,name.com,,
4a57c87d-7219-4d49-96f7-9735a949a2d4,bubbles.flights,available,59.99,,72,21,7,name.com,,
4a62c5bc-ed5c-4920-8c35-07be757ba8fc,executives.flights,premium,118.8,118.8,64,12,10,namesilo,,
4a832fca-077c-4149-b11e-5b1147282843,entertheequation.flights,available,59.99,,62,0,18,name.com,,
4a8ada13-0e62-403e-b198-7f5810aff131,getready.flights,available,59.99,,88,11,9,name.com,,
4a915ccf-c344-4e1e-a411-c71c53a6d0f0,establishes.flights,available,58.99,58.99,50,1,11,namesilo,,
4aa53ccb-7d91-49e3-87ca-300c389fa093,termed.flights,available,58.99,58.99,48,4,6,namesilo,,
4adaadb6-b693-4e12-82f0-1a7e6c750a64,stalled.flights,available,59.99,,48,3,7,name.com,,
4b0acea3-4b8b-446e-bc91-8966b66a07f9,CountyofMitchell.flights,available,58.99,58.99,42,0,18,namesilo,,
4b11d101-0e4b-47ac-90a5-2f6a2b92ee0f,joints.flights,available,58.99,58.99,48,8,6,namesilo,,
4b18885b-b7fa-43fe-a87a-6a86fc747fd4,icons.flights,available,59.99,,68,19,5,name.com,,
4b9355ba-d0d6-47f6-ab29-f8f760d663e2,pages.flights,available,59.99,,52,28,5,name.com,,
4bb5f5f5-79ce-46d1-a96f-28b8e9ef8903,TheMall.flights,available,75.98,,68,10,8,namecheap,,
4bb94080-5f2c-4312-96b1-84695e50340f,eachtotheirown.flights,available,59.99,,46,1,17,name.com,,
4bd20696-9e7e-4fbd-bb59-63bb18e7421f,chairmen.flights,available,58.99,58.99,58,3,8,namesilo,,
4bda3f5f-fcc0-4f3f-9c41-51df37cc1aec,affects.flights,available,58.99,58.99,54,4,7,namesilo,,
4be81bab-a3e0-478c-8932-f89e0486a1fc,silhouettes.flights,available,58.99,58.99,52,5,11,namesilo,,
4bf09ed7-c9fc-4c4d-aced-ae4922fd8648,permitted.flights,available,59.99,,64,5,9,name.com,,
4bfbac53-1183-4b63-baaf-5e8475976d4e,teachers.flights,available,59.99,,56,22,8,name.com,,
4c229def-ae87-41f5-aa3e-bcddf2cb65d7,looked.flights,available,59.99,,74,5,6,name.com,,
4c3cdb06-7e9c-4ca9-a6df-93e5ffe1e622,furnishings.flights,available,59.99,,80,5,11,name.com,,
4c5ce151-16a6-4ec5-ad01-0386b37b1e48,landedproperty.flights,available,59.99,,42,1,15,name.com,,
4c616d24-549b-4087-a6f9-8576ee49d3ca,goforth.flights,available,59.99,,74,11,8,name.com,,
4c642cbf-9c48-49b7-8dfb-76df290cd5d2,squalls.flights,available,59.99,,44,2,7,name.com,,
4c7c25a5-dfd2-4608-b215-ae6c1b889aa9,divinegrace.flights,available,59.99,,68,3,12,name.com,,
4c8b702c-d39e-47ca-bf59-48bbaf7455ba,AmazonRiverdolphin.flights,available,75.98,,72,1,20,namecheap,,
4c910614-e49b-4346-95c9-469fba308cf6,CountyofSpencer.flights,available,58.99,58.99,42,1,17,namesilo,,
4cad2e63-f5f0-4345-a823-447bd4c534c4,entered.flights,available,59.99,,50,4,7,name.com,,
4cf31e36-3be5-4f17-8b2f-ec44a7168255,Americans.flights,available,75.98,,56,10,9,namecheap,,
4cf4c60b-91ec-4859-9b29-5b271d73c700,GeneralTaochicken.flights,available,75.98,,70,1,19,namecheap,,
4d0e400d-8d18-44b3-91e0-fb19b4294005,screwdrivers.flights,available,58.99,58.99,52,4,12,namesilo,,
4d1166be-d250-49d4-8ce1-5af27175291c,comeintoeffect.flights,available,59.99,,70,0,16,name.com,,
4d33d57f-3f1e-4344-834c-4a0224d65108,finaltest.flights,available,59.99,,58,2,10,name.com,,
4d39659e-6536-44d8-988a-ffcb096f431e,fractions.flights,available,58.99,58.99,52,7,9,namesilo,,
4da88630-6ce1-4170-9973-d3f713da68d7,dataflow.flights,available,59.99,,70,16,9,name.com,,
4dbaa595-f2ea-4b46-878e-51f170fc79cc,contains.flights,available,59.99,,54,4,8,name.com,,
4dc7b318-1fbe-4146-b70b-b2e75123781c,takenotes.flights,available,59.99,,74,5,10,name.com,,
4dc81e54-a4e0-4930-8737-c4a9f2e13ab6,startover.flights,available,59.99,,78,6,10,name.com,,
4e1e071a-357b-4fa3-b41b-c6c7b3da451d,samples.flights,available,59.99,,60,12,7,name.com,,
4e268e41-b0f4-46a9-85fc-b057b996b35c,semifinal.flights,available,59.99,,72,2,10,name.com,,
4e3991c5-0aad-419f-8ce7-00426643aa4f,primes.flights,available,58.99,58.99,56,13,6,namesilo,,
4e5d713b-714b-43b8-ac10-a7d26bf9f207,twentythree.flights,available,59.99,,65,7,12,name.com,,
4e7c885d-1409-45bb-94c3-67e4866c0a04,organdonation.flights,available,59.99,,72,2,14,name.com,,
4e975e33-04fe-4cfa-a4b0-9b80cb83f81d,hillclimbing.flights,available,59.99,,68,2,13,name.com,,
4ed9ba85-86cf-41eb-8694-1e5950b52e6e,prefers.flights,available,58.99,58.99,52,3,7,namesilo,,
4ee6d071-02fe-41fb-ba45-aa9b2b3a3ed5,Godresthissoul.flights,available,75.98,,44,1,17,namecheap,,
4eeb0272-dc5a-483b-90ad-31e0dea2e0b6,aloevera.flights,available,59.99,,80,10,9,name.com,,
4f089bc5-b96c-4cc0-acf9-8a241025ec39,officeroutine.flights,available,59.99,,43,0,14,name.com,,
4f14b6ad-43b4-418b-9dfc-8f520c888292,arriveat.flights,available,59.99,,70,1,9,name.com,,
4f154c28-b890-4837-a70b-96c7f84876a6,goinfor.flights,available,58.99,58.99,74,1,9,namesilo,,
4f1a675a-496e-4408-b7bb-bc8f237153e5,Tools.flights,premium,280,280,56,40,5,namecheap,,
4f304c9f-061f-42cf-b6da-e3970f8807fe,youwish.flights,available,59.99,,60,5,8,name.com,,
4f767ef5-2d65-4c55-94b4-9da4a94a2026,continents.flights,available,59.99,,50,5,10,name.com,,
4f9ae638-3457-4530-8563-465c355c8227,cuddleup.flights,available,59.99,,89,4,9,name.com,,
4fae9d24-bf77-4d28-9c8c-e88e632a2165,temporarily.flights,available,59.99,,62,4,11,name.com,,
4fc9ad6d-1661-490c-8ecb-1b5baf30eb56,pairofpliers.flights,available,59.99,,62,0,14,name.com,,
4fe78536-36dd-426d-90db-b8d2d8310add,insuchaway.flights,available,58.99,58.99,44,1,13,namesilo,,
4feb8cb1-add8-4896-bba5-2dfe9b7fb0cd,makethegrade.flights,available,59.99,,70,3,14,name.com,,
502e3922-22d6-4b43-9fb4-50a2feae01f6,childmurderer.flights,available,59.99,,30,1,14,name.com,,
507c5fe7-64fa-4794-a8a4-caae2a3bfef5,engines.flights,available,58.99,58.99,58,11,7,namesilo,,
50a2e1f7-f39a-4162-9739-f0e654dfae54,toys.flights,premium,118.8,118.8,60,24,4,namesilo,,
50b9fafa-7f26-46d2-af0c-e18ec494afb7,investors.flights,available,59.99,,60,23,9,name.com,,
50cd8a52-2621-41e3-9d6c-ad5e54b3e05c,privatelife.flights,available,59.99,,78,4,12,name.com,,
50e19a54-aa9d-4511-a1e9-70192c520432,makesomethingof.flights,available,59.99,,70,0,17,name.com,,
50f7868b-8828-4b36-99b8-26b3e37cf88f,gowithout.flights,available,59.99,,75,1,10,name.com,,
510c1f15-15fa-49f2-9464-4e221c2e2fda,coffeeandcake.flights,available,59.99,,72,2,15,name.com,,
510d5202-fb88-4fe3-84ce-a0e16a4ea02c,divinejustice.flights,available,59.99,,49,2,14,name.com,,
513a91ff-5c70-447a-bf59-18e495ddd669,cups.flights,available,59.99,,60,12,4,name.com,,
51902acb-0ed9-4886-a3b4-fdb9cf540ae9,chunks.flights,available,59.99,,46,8,6,name.com,,
519167f1-ef31-4391-b610-f9a527ffee5d,CountyofYoung.flights,available,75.98,,42,1,15,namecheap,,
51a02eeb-24c4-4f9f-b2eb-43ee91240df9,snuck.flights,available,58.99,58.99,46,3,5,namesilo,,
51a72656-fbe1-4190-9624-3c2100cf4f72,bandits.flights,available,58.99,58.99,40,10,7,namesilo,,
51e0248f-04d9-4ac2-b694-8980c6993d36,objected.flights,available,58.99,58.99,48,2,8,namesilo,,
51f017a6-2507-4d37-9880-d5e65f5109e9,stormed.flights,available,59.99,,50,3,7,name.com,,
51f19db0-da61-4111-b2fc-c3f20fc084da,gosteady.flights,available,59.99,,70,3,9,name.com,,
51f83b02-ee4d-48bf-b67d-b5486063ae60,droppingoff.flights,available,58.99,58.99,52,1,12,namesilo,,
51fa05ca-05d6-498c-a736-fce728c44d63,reaches.flights,available,59.99,,70,5,7,name.com,,
5227009b-00b1-45cc-ba57-39f49f78990d,photographers.flights,available,58.99,58.99,47,10,13,namesilo,,
525ebdcc-9a8e-43af-b8e6-0746853d750e,asperusual.flights,available,59.99,,48,1,12,name.com,,
529dedbf-a2e7-4c56-96f5-0956e390093d,thickens.flights,available,58.99,58.99,48,1,8,namesilo,,
52eeaf1b-4b13-467d-9389-7ac0abeeef98,onejoke.flights,available,59.99,,70,1,8,name.com,,
52f0af62-d107-4886-8dfb-dfae08b33c0e,engineers.flights,available,59.99,,60,19,9,name.com,,
53003cc2-5a46-47cc-962f-868a10c1919d,porkbacon.flights,available,59.99,,58,1,10,name.com,,
532fc4e7-83b9-4631-975e-a49f7b2ddb08,sanded.flights,available,59.99,,66,1,6,name.com,,
533ec189-0829-4626-8e0e-04bbfcd7e244,papered.flights,available,58.99,58.99,50,3,7,namesilo,,
536513a2-f196-43f4-a64e-1799f2fe51a1,twentyeight.flights,available,59.99,,65,8,12,name.com,,
53840265-e826-4fd3-8d39-8e0dd3815b4c,geartowards.flights,available,59.99,,70,0,12,name.com,,
53f6ef77-a538-4f82-b78a-35d00e36aab1,spiders.flights,available,59.99,,56,10,7,name.com,,
53fa306b-5354-4aa4-beff-b38e710ee488,sucked.flights,available,59.99,,54,4,6,name.com,,
540de0cb-fbcf-4978-90cb-26df951ebca6,distinctiveness.flights,available,58.99,58.99,72,1,15,namesilo,,
5435583f-b2ba-4482-b585-bb4146f77362,getonwith.flights,available,59.99,,79,1,11,name.com,,
5447e153-dcf0-4cb4-96ab-80144d18b8c4,grandpas.flights,available,58.99,58.99,68,4,8,namesilo,,
5460c2d8-d896-45b5-9dff-0be036b2eaed,keychains.flights,available,58.99,58.99,56,6,9,namesilo,,
5467febd-e6a7-40ac-a87f-693a34bf6171,shows.flights,available,59.99,,66,16,5,name.com,,
54720da0-3159-4f0f-9bf8-7dad86b5f1f6,grandmothers.flights,available,59.99,,68,3,12,name.com,,
548c36ff-b4cd-4e09-9f7a-3c4f7918fc91,havekittens.flights,available,59.99,,66,1,12,name.com,,
548fee9c-ec2c-4225-a2de-0427a055f90e,abilities.flights,available,59.99,,74,4,9,name.com,,
5490a248-4d0b-497d-a992-4b13d4442948,footballers.flights,available,58.99,58.99,68,4,11,namesilo,,